"","subject_name","risk_diff_unadjusted","odd_ratio_log","odd_ratio_lcb","odd_ratio_ucb","cor_ms_fd","glm_converge","fixed_ratio","list_of_files"
"1","Chart",-3.53055184662361e-17,NA,NA,NA,NA,FALSE,0.025,"Chart-11f.csv"
"2","Chart",4.45647395711422e-05,1.00038231550821,0.999804230497383,1.00096073476675,0.0129628535729332,TRUE,0.025,"Chart-12f.csv"
"3","Chart",0.000239177823857349,1.01014797532725,1.00843703402682,1.01186181945654,0.120306374886098,TRUE,0.025,"Chart-13f.csv"
"4","Chart",-4.0079759781425e-06,0.995212050775856,0.985758590864808,1.00475616970334,-0.00990607676653224,TRUE,0.025,"Chart-17f.csv"
"5","Chart",7.75339433903168e-17,NA,NA,NA,NA,FALSE,0.025,"Chart-18f.csv"
"6","Chart",0.000420424265784137,1.00187990636608,1.00055301814258,1.00320855424882,0.0277860990063565,TRUE,0.025,"Chart-1f.csv"
"7","Chart",-7.25530497067717e-05,0.997116532757993,0.96230805056776,1.03318410285846,-0.0015927876495991,TRUE,0.025,"Chart-20f.csv"
"8","Chart",0.00115775493840581,1.01181568548555,1.01031077240037,1.01332284022099,0.15910769230258,TRUE,0.025,"Chart-21f.csv"
"9","Chart",5.30004941871221e-17,NA,NA,NA,NA,FALSE,0.025,"Chart-22f.csv"
"10","Chart",0.0268645517917992,1.28725596573516,1.27385267775952,1.30080028110878,0.576279940862601,TRUE,0.025,"Chart-23f.csv"
"11","Chart",-3.6057614776812e-16,NA,NA,NA,NA,FALSE,0.025,"Chart-24f.csv"
"12","Chart",0.0289675858081224,1.32384482807681,1.30194495619937,1.34611307527301,0.457573294917803,TRUE,0.025,"Chart-25f.csv"
"13","Chart",0.000519740523395939,1.00211171841697,1.00150099098788,1.00272281827503,0.0679770568693573,TRUE,0.025,"Chart-26f.csv"
"14","Chart",7.74805508528627e-05,1.00360277200557,1.00176752703081,1.00544137916171,0.0386182498715264,TRUE,0.025,"Chart-3f.csv"
"15","Chart",0.000334793845438141,1.00352182650999,1.00207634524681,1.0049693928599,0.0479287942372564,TRUE,0.025,"Chart-5f.csv"
"16","Chart",0.0220498779559326,1.13108642026485,1.11914166233122,1.14315866629664,0.252983658968828,TRUE,0.025,"Chart-6f.csv"
"17","Chart",5.22186131034142e-05,1.00224315533033,1.00000673323262,1.00448457897816,0.0196919422705789,TRUE,0.025,"Chart-7f.csv"
"18","Chart",0.000141069278350773,1.00064000201665,0.999474919023995,1.00180644314081,0.0107641805798934,TRUE,0.025,"Chart-8f.csv"
"19","Chart",8.66061398505308e-05,1.0036722720983,1.00187141898137,1.00547636222937,0.0401051142383718,TRUE,0.025,"Chart-9f.csv"
"20","Closure",0.00606473810185934,1.03091477733406,1.02956259588206,1.03226873468069,0.508021909609196,TRUE,0.025,"Closure-100f.csv"
"21","Closure",0.0062255285023288,1.46956890956937,1.40289711727183,1.53940923634705,0.34052992500649,TRUE,0.025,"Closure-101f.csv"
"22","Closure",0.000463372276438787,1.01620136831942,1.011847895,1.02057357244812,0.0743124039878496,TRUE,0.025,"Closure-102f.csv"
"23","Closure",0.00205975258714184,1.01048634020327,1.00791024951714,1.01306901505028,0.0803436035194324,TRUE,0.025,"Closure-104f.csv"
"24","Closure",0.000127379560490089,1.00472288614894,1.00398246138763,1.00546385696444,0.1280225739983,TRUE,0.025,"Closure-105f.csv"
"25","Closure",0.00020932496146811,1.0034467832034,1.00227243065875,1.00462251172515,0.0580229704036651,TRUE,0.025,"Closure-108f.csv"
"26","Closure",4.45278693957691e-05,1.00092242681118,0.999421541464414,1.00242556611859,0.012042895188976,TRUE,0.025,"Closure-109f.csv"
"27","Closure",0.000766237684172225,1.00675105688474,1.00102449812806,1.01251037555414,0.0231347840662664,TRUE,0.025,"Closure-111f.csv"
"28","Closure",8.99715202769846e-05,1.00066973127036,0.999341852439453,1.0019993745247,0.0098824446615338,TRUE,0.025,"Closure-112f.csv"
"29","Closure",6.57008158713017e-05,1.00062759674578,0.999570785599155,1.00168552522177,0.0116378784816209,TRUE,0.025,"Closure-113f.csv"
"30","Closure",-2.70040733234974e-05,0.999739741827918,0.998873286247721,1.00060694900022,-0.00588387969169067,TRUE,0.025,"Closure-114f.csv"
"31","Closure",0.00115115665866048,1.00639890383631,1.00546645201026,1.00733222040171,0.136086273078289,TRUE,0.025,"Closure-115f.csv"
"32","Closure",0.000818730266473493,1.00438284975242,1.00349494068479,1.00527154445679,0.097366991208102,TRUE,0.025,"Closure-116f.csv"
"33","Closure",3.85067716293814e-05,1.0003174167319,0.99829051987354,1.00234842893623,0.00306673955074676,TRUE,0.025,"Closure-117f.csv"
"34","Closure",0.000155360041107124,1.00130691889825,1.0006921745699,1.00192204087579,0.0417565433344948,TRUE,0.025,"Closure-118f.csv"
"35","Closure",2.20691913842707e-06,1.00002210734441,0.998702003734857,1.00134395589243,0.000328008991155855,TRUE,0.025,"Closure-119f.csv"
"36","Closure",3.78524643452995e-06,1.00008315987297,0.998367553321685,1.00180171454274,0.000949200254799396,TRUE,0.025,"Closure-11f.csv"
"37","Closure",0.000137107114863531,1.0011616425013,0.999723004135225,1.00260235112118,0.0158256324847521,TRUE,0.025,"Closure-120f.csv"
"38","Closure",0.000152733171588859,1.00130381248713,1.00035335542874,1.00225517259505,0.02690397212979,TRUE,0.025,"Closure-121f.csv"
"39","Closure",0.000481550885098848,1.00688297757546,1.00409464166818,1.00967905659461,0.048551321945476,TRUE,0.025,"Closure-122f.csv"
"40","Closure",0.000189931791290303,1.00158735396353,1.00106290497693,1.00211207770484,0.0594845407607027,TRUE,0.025,"Closure-123f.csv"
"41","Closure",0.00120349148114208,1.00873589174674,1.00655256723998,1.01092395212727,0.0794030381253393,TRUE,0.025,"Closure-124f.csv"
"42","Closure",5.5272669126986e-05,1.00052292859108,0.999349049355095,1.00169818671711,0.0087285176546135,TRUE,0.025,"Closure-125f.csv"
"43","Closure",0.00286268650088266,1.05417846166682,1.0495762415994,1.05880086171613,0.264126358660387,TRUE,0.025,"Closure-126f.csv"
"44","Closure",0.0028089354126208,1.02195204520741,1.02022135388233,1.0236856724566,0.264792000779048,TRUE,0.025,"Closure-127f.csv"
"45","Closure",0.000125867903316187,1.00104171621234,1.00050647013825,1.00157724862976,0.038187277088654,TRUE,0.025,"Closure-128f.csv"
"46","Closure",-1.55115463956136e-06,0.999940068202445,0.988744337563521,1.01126257012063,-0.000104326495612615,TRUE,0.025,"Closure-129f.csv"
"47","Closure",0.0016915971328113,1.06320100666914,1.05174065963878,1.0747862319695,0.113082900407932,TRUE,0.025,"Closure-12f.csv"
"48","Closure",7.25583186299913e-05,1.00309403566151,1.0008318722882,1.00536131216449,0.0268194546126069,TRUE,0.025,"Closure-130f.csv"
"49","Closure",0.000142027449117516,1.0054764293487,1.00412482367134,1.00682985435954,0.0802434849622213,TRUE,0.025,"Closure-132f.csv"
"50","Closure",0.000400725796480219,1.01566497495938,1.00954010569442,1.02182700374211,0.0510988442781759,TRUE,0.025,"Closure-13f.csv"
"51","Closure",0.000565610578998136,1.04385431183425,1.03783995075206,1.04990352659423,0.208547881438264,TRUE,0.025,"Closure-15f.csv"
"52","Closure",0.000627397684567934,1.03173543895193,1.02797056580105,1.03551410069785,0.191536663939109,TRUE,0.025,"Closure-16f.csv"
"53","Closure",0.000614929256152698,1.00418369687933,1.00345053453518,1.00491739490212,0.112820239021099,TRUE,0.025,"Closure-1f.csv"
"54","Closure",0.000108206588222815,1.00448512718137,1.00308706000711,1.00588514293208,0.0632669712736484,TRUE,0.025,"Closure-20f.csv"
"55","Closure",0.00130505377698581,1.05760920250443,1.04941143122093,1.0658710129741,0.156048728865146,TRUE,0.025,"Closure-21f.csv"
"56","Closure",0.00128684820075596,1.05279923652673,1.04529610841103,1.06035622204328,0.155030350486736,TRUE,0.025,"Closure-22f.csv"
"57","Closure",0.000241794544044141,1.01251442005087,1.00981937315988,1.01521665959228,0.0978546399854028,TRUE,0.025,"Closure-24f.csv"
"58","Closure",0.000251458088923493,1.01170354537569,1.00788683527408,1.01553470876261,0.0606081683928369,TRUE,0.025,"Closure-25f.csv"
"59","Closure",0.000456798603834263,1.00300016088994,0.998651463757122,1.00736779472634,0.0135139091034383,TRUE,0.025,"Closure-27f.csv"
"60","Closure",0.037931031107732,1.22036754403073,1.20783909149622,1.23302594940748,0.416432770173124,TRUE,0.025,"Closure-28f.csv"
"61","Closure",0.00164161958400768,1.01368688529499,1.01258112400186,1.01479385410424,0.259521159624654,TRUE,0.025,"Closure-29f.csv"
"62","Closure",0.000105225887887575,1.00408658790019,1.00164712527821,1.00653199171417,0.0329059481288515,TRUE,0.025,"Closure-2f.csv"
"63","Closure",0.000497048719891133,1.0028369957267,1.00216595735097,1.00350848342173,0.0832194915749533,TRUE,0.025,"Closure-30f.csv"
"64","Closure",0.00132174942414602,1.01735772462463,1.01593209073747,1.01878535907068,0.252073538462517,TRUE,0.025,"Closure-32f.csv"
"65","Closure",0.000183684077320191,1.00275675696889,1.00043419074582,1.00508471516468,0.0232798698663799,TRUE,0.025,"Closure-33f.csv"
"66","Closure",1.23586228318455e-05,1.00052769538567,0.999444586666827,1.00161197788094,0.00954591645715606,TRUE,0.025,"Closure-34f.csv"
"67","Closure",0.000201515281364177,1.00838399934833,1.00476091578454,1.01202014744748,0.0455311203793674,TRUE,0.025,"Closure-35f.csv"
"68","Closure",0.000113830579026219,1.00510782030225,1.00293196453197,1.00728839658049,0.0461874894672671,TRUE,0.025,"Closure-36f.csv"
"69","Closure",2.41418471481927e-05,1.00102956533552,0.99800391698809,1.00406438654066,0.00666247593163283,TRUE,0.025,"Closure-37f.csv"
"70","Closure",0.00109084090853629,1.03482006506331,1.03071755415731,1.03893890497783,0.177953063746064,TRUE,0.025,"Closure-38f.csv"
"71","Closure",0.000332884684960625,1.00502677249194,1.00371644455652,1.0063388110293,0.0760896491412625,TRUE,0.025,"Closure-3f.csv"
"72","Closure",0.000780480605213398,1.01194314989622,1.00894452977478,1.01495068202657,0.0786474435684462,TRUE,0.025,"Closure-42f.csv"
"73","Closure",0.000962221958347722,1.03149414269946,1.0273544889403,1.03565047690672,0.157340142585715,TRUE,0.025,"Closure-44f.csv"
"74","Closure",0.00115956108335916,1.01596899962583,1.01192535232195,1.02002880531875,0.0783668586445386,TRUE,0.025,"Closure-46f.csv"
"75","Closure",0.00273830520959688,1.02041367319652,1.01919202432432,1.02163678639138,0.636241970591973,TRUE,0.025,"Closure-47f.csv"
"76","Closure",3.1187663552008e-05,1.00136124692949,0.99971465944783,1.00301054643533,0.0162108960716035,TRUE,0.025,"Closure-48f.csv"
"77","Closure",0.00166957066779491,1.01436178121996,1.01225087485626,1.01647708958102,0.136022500200228,TRUE,0.025,"Closure-49f.csv"
"78","Closure",0.000557734009253018,1.00846346089114,1.00500833146268,1.01193046874786,0.0481906358508416,TRUE,0.025,"Closure-4f.csv"
"79","Closure",0.000982028306804366,1.01149712534489,1.01043158026081,1.01256379409369,0.251002804776766,TRUE,0.025,"Closure-50f.csv"
"80","Closure",0.000652808625509069,1.02317219765462,1.01863865379458,1.02772591846343,0.101734931070112,TRUE,0.025,"Closure-51f.csv"
"81","Closure",0.000225700072756808,1.0012124792918,1.00082178401956,1.00160332708149,0.0610015188202648,TRUE,0.025,"Closure-52f.csv"
"82","Closure",0.000148974143668867,1.00680324141635,1.00375541585821,1.00986032146067,0.0442709337544157,TRUE,0.025,"Closure-55f.csv"
"83","Closure",0.0014130692832781,1.00637542294989,1.00540501983385,1.0073467626857,0.130195930293226,TRUE,0.025,"Closure-56f.csv"
"84","Closure",0.000827629895399099,1.03989609210051,1.03422653840673,1.04559672586998,0.144347293671946,TRUE,0.025,"Closure-57f.csv"
"85","Closure",0.000976729241533818,1.06201730332506,1.04988673721174,1.07428802801836,0.103561405376021,TRUE,0.025,"Closure-58f.csv"
"86","Closure",5.60717597238636e-05,1.00244802813286,0.999976132730017,1.00492603394843,0.0194560006845761,TRUE,0.025,"Closure-5f.csv"
"87","Closure",0.00111076461031473,1.04454879318707,1.03937285130886,1.04975051058396,0.180533201964779,TRUE,0.025,"Closure-63f.csv"
"88","Closure",6.28096679404589e-05,1.00058806546544,1.0001446636609,1.00103166384671,0.026004773332907,TRUE,0.025,"Closure-65f.csv"
"89","Closure",0.000109895810084799,1.00516279543886,1.00251155543582,1.00782104690576,0.0382570454593595,TRUE,0.025,"Closure-68f.csv"
"90","Closure",0.000164605468083235,1.00355518476954,1.00174714238716,1.0053664904677,0.0386192332398316,TRUE,0.025,"Closure-69f.csv"
"91","Closure",0.000306155343163559,1.00448197006309,1.00087665519904,1.00810027183736,0.0243844161203342,TRUE,0.025,"Closure-6f.csv"
"92","Closure",0.000491603067768822,1.01151115320991,1.0099864139395,1.01303819432302,0.152219936327392,TRUE,0.025,"Closure-71f.csv"
"93","Closure",0.000936523839869308,1.02044242301527,1.01782681083284,1.02306475680006,0.158356228092127,TRUE,0.025,"Closure-72f.csv"
"94","Closure",0.00190089484966061,1.02788542378759,1.02590063218443,1.02987405533156,0.323769876816377,TRUE,0.025,"Closure-76f.csv"
"95","Closure",0.000265289518801606,1.00929695386982,1.00801533138456,1.01058020585034,0.14999720720018,TRUE,0.025,"Closure-78f.csv"
"96","Closure",0.0012621649856448,1.01415432616463,1.0127204737142,1.01559020872397,0.200336448026303,TRUE,0.025,"Closure-79f.csv"
"97","Closure",0.00832802685649138,1.03873878822064,1.03521708121626,1.04227247572694,0.224600668920471,TRUE,0.025,"Closure-7f.csv"
"98","Closure",6.18732811279953e-05,1.00230075572055,0.998424084308731,1.00619247943477,0.0116247651171942,TRUE,0.025,"Closure-81f.csv"
"99","Closure",9.20242463635385e-05,1.00193958981945,0.997612771069186,1.00628517472933,0.00877496042339116,TRUE,0.025,"Closure-82f.csv"
"100","Closure",0.00130892534927909,1.0674128902011,1.05538509700727,1.07957775924479,0.116098817827742,TRUE,0.025,"Closure-83f.csv"
"101","Closure",0.000172549008031492,1.00726469166334,1.00285151521819,1.01169728885626,0.0323506839695258,TRUE,0.025,"Closure-84f.csv"
"102","Closure",0.00188842797177561,1.05936569368491,1.05477044941605,1.06398095773144,0.308854287145029,TRUE,0.025,"Closure-85f.csv"
"103","Closure",0.000350406172050697,1.01202303639536,1.01047382634938,1.01357462161593,0.163155343648917,TRUE,0.025,"Closure-87f.csv"
"104","Closure",0.00326846790867797,1.03453472277455,1.0325853421351,1.03648778357944,0.43909349092015,TRUE,0.025,"Closure-88f.csv"
"105","Closure",0.000979665250920888,1.03558244840483,1.0301638494269,1.0410295488827,0.140313782223813,TRUE,0.025,"Closure-8f.csv"
"106","Closure",0.000297613099653865,1.00605642995187,1.00426345132693,1.00785260970132,0.0668805577422091,TRUE,0.025,"Closure-91f.csv"
"107","Closure",0.000148826158165729,1.00765342389115,1.0056917698853,1.00961890420496,0.0776281858725831,TRUE,0.025,"Closure-92f.csv"
"108","Closure",0.000170357456347472,1.00893099941456,1.00683137112744,1.01103500622928,0.0849795684136744,TRUE,0.025,"Closure-93f.csv"
"109","Closure",0.000325353961832975,1.00658293160542,1.00523346786376,1.00793420691866,0.0969984613115929,TRUE,0.025,"Closure-95f.csv"
"110","Closure",0.000230237945004762,1.00838901697669,1.00699845285102,1.00978150133231,0.121818215263586,TRUE,0.025,"Closure-97f.csv"
"111","Closure",0.00116043081664452,1.01541847052384,1.0135066259708,1.01733392151566,0.1635406667519,TRUE,0.025,"Closure-99f.csv"
"112","Lang",0.0500555248973143,NA,NA,NA,0.745103500041541,FALSE,0.025,"Lang-13f.csv"
"113","Lang",0.00475134375986846,1.05413384353455,1.05058764848916,1.05769200854676,0.60971827211777,TRUE,0.025,"Lang-15f.csv"
"114","Lang",-0.000124440567714872,0.99488704297141,0.968666253988727,1.0218176014666,-0.00376156295699769,TRUE,0.025,"Lang-17f.csv"
"115","Lang",0.00320367433060591,1.02487725258992,1.02384104820356,1.0259145056933,0.64884676309476,TRUE,0.025,"Lang-19f.csv"
"116","Lang",6.12113370812802e-05,1.0008948841131,1.00044544546972,1.00134452466163,0.039064530860817,TRUE,0.025,"Lang-20f.csv"
"117","Lang",0.000708401636723197,1.00354367196461,1.00288095855421,1.00420682330243,0.105518426319314,TRUE,0.025,"Lang-23f.csv"
"118","Lang",-0.000528746817095113,0.978677274393878,0.941656436435715,1.01715357146653,-0.0109618937289253,TRUE,0.025,"Lang-25f.csv"
"119","Lang",0.00274777133585319,1.10190126510697,1.09378541920698,1.11007733027256,0.389620268593319,TRUE,0.025,"Lang-28f.csv"
"120","Lang",0.000593974620752166,1.02440659494552,1.02088799951792,1.02793731757393,0.140845172604859,TRUE,0.025,"Lang-2f.csv"
"121","Lang",0.00027460684123805,1.00157861217797,1.00125325854338,1.00190407153506,0.0956062049734161,TRUE,0.025,"Lang-30f.csv"
"122","Lang",0.000103666625782626,1.00222387661541,1.00159089977408,1.00285725348003,0.0690843053815534,TRUE,0.025,"Lang-31f.csv"
"123","Lang",0.000895411884070329,1.00706762203714,1.00475171425309,1.00938886788509,0.0601341340834173,TRUE,0.025,"Lang-32f.csv"
"124","Lang",0.001586353336356,1.00707505870887,1.00610534229492,1.00804570976642,0.145000917417226,TRUE,0.025,"Lang-33f.csv"
"125","Lang",1.1327365983737e-16,NA,NA,NA,NA,FALSE,0.025,"Lang-41f.csv"
"126","Lang",6.42053969026525e-05,1.00245630136403,1.00085315518351,1.00406201543143,0.0301076738040076,TRUE,0.025,"Lang-42f.csv"
"127","Lang",0.00210780679898727,1.01085485561151,1.01010833903554,1.01160192389762,0.301695238264423,TRUE,0.025,"Lang-43f.csv"
"128","Lang",0.00229699000482032,1.01237593827224,1.01090980994221,1.01384419293664,0.171739195977463,TRUE,0.025,"Lang-45f.csv"
"129","Lang",0.00257730171471328,1.011520177059,1.01008537444054,1.01295701778099,0.160018220865743,TRUE,0.025,"Lang-46f.csv"
"130","Lang",0.000628793892120883,1.0031196961037,1.00210600653327,1.00413441108117,0.0604943438459913,TRUE,0.025,"Lang-48f.csv"
"131","Lang",0.000643930723143555,1.01452007086816,1.00890012026316,1.0201713266977,0.0512202929349296,TRUE,0.025,"Lang-4f.csv"
"132","Lang",0.00128697363972206,1.09570251813104,1.08157458533149,1.11001499528647,0.492685439128629,TRUE,0.025,"Lang-51f.csv"
"133","Lang",0.00516293068190013,1.02697335875142,1.02428456651723,1.02966920918399,0.202890804046435,TRUE,0.025,"Lang-52f.csv"
"134","Lang",0.000806109704144316,1.00745961354563,1.00619410841114,1.00872671032455,0.11664522584624,TRUE,0.025,"Lang-54f.csv"
"135","Lang",-8.28711624130934e-05,0.999343557104488,0.992270145688085,1.00646739143171,-0.00181189397944989,TRUE,0.025,"Lang-55f.csv"
"136","Lang",1.46959105775912e-17,NA,NA,NA,NA,FALSE,0.025,"Lang-57f.csv"
"137","Lang",0.00165230171831853,1.00841446357979,1.00722802834334,1.00960229634345,0.14089193188765,TRUE,0.025,"Lang-5f.csv"
"138","Lang",8.22624366564458e-05,1.00370418230692,1.00203060847157,1.00538055131574,0.0435531942070518,TRUE,0.025,"Lang-62f.csv"
"139","Lang",0.00322199854207762,1.02198767548887,1.02111080254493,1.02286530144234,0.631869125210009,TRUE,0.025,"Lang-63f.csv"
"140","Lang",0.0214366086667579,1.45277185544146,1.4076629562239,1.49932628022295,0.324967997071661,TRUE,0.025,"Lang-64f.csv"
"141","Lang",0.00162787322847888,1.07258309502121,1.04598947454651,1.0998528414677,0.0545184211430316,TRUE,0.025,"Lang-6f.csv"
"142","Math",0.00101453861750473,1.05960334278871,1.05382485350293,1.065413517547,0.230619568221027,TRUE,0.025,"Math-100f.csv"
"143","Math",0.00330339695226559,1.01879541871166,1.01725400957664,1.0203391634896,0.248323180577673,TRUE,0.025,"Math-101f.csv"
"144","Math",-1.03534076955633e-16,NA,NA,NA,NA,FALSE,0.025,"Math-103f.csv"
"145","Math",-2.50042942764301e-06,0.999521753520009,0.980369605995863,1.01904805050018,-0.000484604355482542,TRUE,0.025,"Math-104f.csv"
"146","Math",0.000135700793570483,1.00315296659495,1.00032932033241,1.0059845832109,0.0218777176212229,TRUE,0.025,"Math-105f.csv"
"147","Math",0.00340962802885481,1.02395957193748,1.0203257921706,1.02760629301731,0.132085454675382,TRUE,0.025,"Math-106f.csv"
"148","Math",0.00356534942792965,1.02898152309016,1.02742860245276,1.03053679091013,0.42018733711129,TRUE,0.025,"Math-11f.csv"
"149","Math",-0.000321776974264051,0.995552871331585,0.992787224384632,0.998326222651486,-0.0314311526391907,TRUE,0.025,"Math-12f.csv"
"150","Math",1.92994357570148e-05,1.00095320381736,1.00067946013791,1.00122702238153,0.0699915536398234,TRUE,0.025,"Math-18f.csv"
"151","Math",0.00182103251165534,1.01851120401727,1.01696149035344,1.02006327923802,0.255663081200621,TRUE,0.025,"Math-21f.csv"
"152","Math",0.000433353344520416,1.00657090826459,1.00494239958664,1.00820205594009,0.0798498863642728,TRUE,0.025,"Math-22f.csv"
"153","Math",1.13935887572214e-05,1.00057667183035,0.999629464785861,1.0015247764086,0.0119449455310718,TRUE,0.025,"Math-23f.csv"
"154","Math",8.5657035026e-05,1.0023481318824,1.00112670141251,1.00357105256566,0.0381195937181278,TRUE,0.025,"Math-24f.csv"
"155","Math",0.000666179971176988,1.0058213289101,1.00535130199706,1.0062915755725,0.260537712192586,TRUE,0.025,"Math-25f.csv"
"156","Math",0.000116419750098918,1.00170459875366,1.00018384336521,1.00322766641396,0.0219789709213432,TRUE,0.025,"Math-26f.csv"
"157","Math",0.000247793386922571,1.00099318781435,0.999975822467823,1.00201158821816,0.0191376152776329,TRUE,0.025,"Math-27f.csv"
"158","Math",0.00101406080791187,1.39550424707456,1.3244162450126,1.47040789550615,0.291850371762251,TRUE,0.025,"Math-28f.csv"
"159","Math",0.00113471547191672,1.00488776022169,1.00402812118998,1.00574813526791,0.112330259527545,TRUE,0.025,"Math-29f.csv"
"160","Math",0.000135775274426519,1.00622716814878,1.00205843306779,1.01041324588326,0.0294004111422732,TRUE,0.025,"Math-2f.csv"
"161","Math",0.000277610001884269,1.01385921606946,1.00913840172648,1.01860211468554,0.0588121868293239,TRUE,0.025,"Math-30f.csv"
"162","Math",-0.000271584758655529,0.998894451398501,0.998204695942134,0.999584683473132,-0.0314113727832986,TRUE,0.025,"Math-32f.csv"
"163","Math",0.000334919714561429,1.01526007788255,1.00579025203793,1.0248190650621,0.031725228080301,TRUE,0.025,"Math-34f.csv"
"164","Math",0.0011534587138361,1.13163672995463,1.07591929309453,1.19023954380369,0.0492613061800827,TRUE,0.025,"Math-35f.csv"
"165","Math",0.000757375376643739,1.00321847255087,1.00256040780091,1.00387696924408,0.0964992690715268,TRUE,0.025,"Math-37f.csv"
"166","Math",0.000113853214352293,1.00645076136089,1.00452871977563,1.00837648053523,0.0694544143105534,TRUE,0.025,"Math-39f.csv"
"167","Math",8.46668708439462e-05,1.00062714701176,1.00024237870431,1.00101206332999,0.0319683464271559,TRUE,0.025,"Math-3f.csv"
"168","Math",0.00154582608917207,1.01715813213403,1.01621338554352,1.01810375703035,0.562208755723965,TRUE,0.025,"Math-40f.csv"
"169","Math",-2.69908197427074e-06,0.999897316242519,0.994044451900895,1.00578464184082,-0.000342833101325889,TRUE,0.025,"Math-41f.csv"
"170","Math",0.000240424596163018,1.00618999663585,1.00516592039087,1.00721511622317,0.122552785695773,TRUE,0.025,"Math-42f.csv"
"171","Math",5.63978331312155e-06,1.00004563017418,0.999040451183855,1.00105182051974,0.000889300579449084,TRUE,0.025,"Math-43f.csv"
"172","Math",0.00216024288936461,1.11249781517282,1.09962771804277,1.12551854455542,0.221878560396306,TRUE,0.025,"Math-44f.csv"
"173","Math",0.00184208812421951,1.00749784567543,1.00588344987998,1.00911483250047,0.0918443064526269,TRUE,0.025,"Math-45f.csv"
"174","Math",0.000421911603476695,1.00170583748775,1.00100051535652,1.00241165660106,0.0474782913860647,TRUE,0.025,"Math-46f.csv"
"175","Math",0.000487904484929679,1.00229280758841,1.00152744804356,1.00305875201512,0.058865520991564,TRUE,0.025,"Math-47f.csv"
"176","Math",0.00260679522404149,1.01720399712453,1.01534884763506,1.01906253616788,0.186830222289904,TRUE,0.025,"Math-48f.csv"
"177","Math",2.17743748427146e-05,1.00097740856563,0.996032305963397,1.00594706262027,0.00386602748285323,TRUE,0.025,"Math-49f.csv"
"178","Math",0.000277854621848916,1.00113100066458,0.99929970239526,1.00296565493746,0.0121009561118279,TRUE,0.025,"Math-4f.csv"
"179","Math",0.000516320550843423,1.01981541020639,1.01531623058391,1.02433452708256,0.0894351348193689,TRUE,0.025,"Math-50f.csv"
"180","Math",0.00101008332278127,1.08749075157547,1.07696705672677,1.09811727979551,0.223996952468425,TRUE,0.025,"Math-51f.csv"
"181","Math",0.00479255552195041,1.06866425910411,1.06352404962428,1.07382931217211,0.419439478761058,TRUE,0.025,"Math-57f.csv"
"182","Math",6.20626283130862e-05,1.00365047541517,0.997419451393475,1.00992042554795,0.0114972276996853,TRUE,0.025,"Math-58f.csv"
"183","Math",0.00188267206276362,1.01167672073665,1.00833117200716,1.01503336968461,0.0689509560328031,TRUE,0.025,"Math-61f.csv"
"184","Math",0.0158606787106612,1.0857331169471,1.07757472978266,1.0939532717823,0.259217579211574,TRUE,0.025,"Math-62f.csv"
"185","Math",0.000123990445798224,1.00448064071951,1.00402387392336,1.0049376153154,0.249925508358712,TRUE,0.025,"Math-64f.csv"
"186","Math",0.00212726458211435,NA,NA,NA,0.398301493863541,FALSE,0.025,"Math-65f.csv"
"187","Math",3.22761522614906e-05,1.0062488754821,1.00419624360098,1.00830570305473,0.0691553029547294,TRUE,0.025,"Math-66f.csv"
"188","Math",0.0045113534061883,1.02252277086442,1.01952921084465,1.02552512062901,0.177359009528333,TRUE,0.025,"Math-67f.csv"
"189","Math",2.5936486744911e-07,NA,NA,NA,0.0108980610884597,FALSE,0.025,"Math-68f.csv"
"190","Math",0.000581188651015259,1.01221913787547,1.0099725919321,1.01447068095313,0.109233276907382,TRUE,0.025,"Math-69f.csv"
"191","Math",1.72991702621972e-05,1.00082139432185,1.00056983696765,1.00107301492112,0.0647965508011389,TRUE,0.025,"Math-6f.csv"
"192","Math",0.0219993775491394,1.11339101547696,1.10755020687406,1.11926262633597,0.47319221248347,TRUE,0.025,"Math-70f.csv"
"193","Math",0.000279631715388031,1.00825922725312,1.00717051273996,1.00934911862689,0.158238427848331,TRUE,0.025,"Math-71f.csv"
"194","Math",0.00013681185151336,1.00367324836923,1.0009796744867,1.00637407049111,0.0268464271101227,TRUE,0.025,"Math-72f.csv"
"195","Math",0.00175598438938708,1.01499097483313,1.01321084070506,1.01677423652102,0.175631679808956,TRUE,0.025,"Math-73f.csv"
"196","Math",0.000185121296021518,1.01339890840418,1.01068104729528,1.01612407821746,0.116456767705487,TRUE,0.025,"Math-74f.csv"
"197","Math",0.00173311316985425,1.01278141911945,1.00697729152104,1.01861900119342,0.0433510798623172,TRUE,0.025,"Math-75f.csv"
"198","Math",0.000595467368101857,1.00898735092763,1.00762793029702,1.01034860559281,0.132391705675622,TRUE,0.025,"Math-76f.csv"
"199","Math",0.00128084138700867,1.11788194580235,1.10480457012812,1.13111411605215,0.25709263223013,TRUE,0.025,"Math-78f.csv"
"200","Math",0.000645365194349591,1.02759001266857,1.0209605495777,1.03426252324143,0.0846978237839829,TRUE,0.025,"Math-7f.csv"
"201","Math",0.000521809309059556,1.02275900038899,1.01967145222476,1.02585589759759,0.172778608572452,TRUE,0.025,"Math-82f.csv"
"202","Math",0.000370232877139108,1.00610514066622,1.00506269333477,1.00714866922021,0.116706907658493,TRUE,0.025,"Math-83f.csv"
"203","Math",0.00697345709354982,1.07145573759385,1.06742964917096,1.07549701145589,0.631422794444152,TRUE,0.025,"Math-84f.csv"
"204","Math",0.00456024778527426,1.01909360800379,1.01661229921178,1.02158097308031,0.155657858725027,TRUE,0.025,"Math-85f.csv"
"205","Math",0.000720858188455223,1.00539834856203,1.00412206255794,1.00667625678519,0.0851538239273279,TRUE,0.025,"Math-86f.csv"
"206","Math",0.00308532208541925,1.01656544173899,1.01581754176814,1.01731389235436,0.507827908560083,TRUE,0.025,"Math-87f.csv"
"207","Math",0.00069008917899284,1.01002547819934,1.00898745580276,1.01106456848877,0.198143906530903,TRUE,0.025,"Math-88f.csv"
"208","Math",-0.000186386793838905,0.96696614324174,0.906348048124332,1.03163847940183,-0.0101961347594388,TRUE,0.025,"Math-89f.csv"
"209","Math",0.00327752875558666,1.05501724884446,1.04869134074838,1.06138131603624,0.179351914331435,TRUE,0.025,"Math-8f.csv"
"210","Math",0.000231295676610928,1.01032895375955,0.984714603198778,1.03660958361842,0.00784496890066606,TRUE,0.025,"Math-90f.csv"
"211","Math",-2.08568278175483e-05,0.999097445177625,0.995237517705431,1.00297234298587,-0.00457187975014304,TRUE,0.025,"Math-91f.csv"
"212","Math",0.0198193507173589,1.10185407304547,1.0958202921649,1.1079210769937,0.378406258120875,TRUE,0.025,"Math-95f.csv"
"213","Math",0.00111915553636036,1.00836692343343,1.00540058045856,1.01134201833346,0.0555183221751466,TRUE,0.025,"Math-96f.csv"
"214","Math",0.000319628051980336,1.00132581492686,1.00098896675188,1.00166277645643,0.0774088503333733,TRUE,0.025,"Math-97f.csv"
"215","Math",0.00270917144686181,1.01143924538367,1.0091508744994,1.01373280542392,0.0989557486540687,TRUE,0.025,"Math-9f.csv"
"216","Time",0.00060572070778276,1.0140560694661,1.0103691960352,1.01775639643037,0.0754906554081471,TRUE,0.025,"Time-10f.csv"
"217","Time",0.000671199777456695,1.00328036837733,1.00261467764226,1.00394650110089,0.0979717921143146,TRUE,0.025,"Time-11f.csv"
"218","Time",0.00119268803253869,1.0052329096026,1.00445353026171,1.00601289368241,0.132947764743592,TRUE,0.025,"Time-14f.csv"
"219","Time",0.00170893030385777,1.00962158367305,1.00689378060872,1.01235677670215,0.0695772574628773,TRUE,0.025,"Time-15f.csv"
"220","Time",0.000536730151873893,1.00393551136341,1.00230614451115,1.00556752694366,0.0474521240325074,TRUE,0.025,"Time-16f.csv"
"221","Time",0.000191726365325687,1.00769773482887,1.00495947872208,1.01044345197928,0.0554607697442927,TRUE,0.025,"Time-18f.csv"
"222","Time",0.000299407718497719,1.00214189945418,1.0012852681296,1.00299926365404,0.0491231989704926,TRUE,0.025,"Time-1f.csv"
"223","Time",0.00183598955955915,1.04490001855537,1.03952118726621,1.05030668172175,0.176816003821118,TRUE,0.025,"Time-21f.csv"
"224","Time",-0.000139276086446628,0.997895210261031,0.995178386420919,1.00061945099431,-0.0151512248946786,TRUE,0.025,"Time-22f.csv"
"225","Time",0.00295804957959169,1.01683420342631,1.01526301209399,1.01840782628837,0.218407663702649,TRUE,0.025,"Time-24f.csv"
"226","Time",0.000450405534219965,1.00198238333942,1.00128319436477,1.00268206055279,0.0557255181315196,TRUE,0.025,"Time-2f.csv"
"227","Time",0.000716641327881033,1.007028894043,1.00453146701631,1.00953253007554,0.0553839566104521,TRUE,0.025,"Time-3f.csv"
"228","Time",0.00051777952718509,1.00588577595601,1.00466579303761,1.00710724032062,0.0953452457863009,TRUE,0.025,"Time-4f.csv"
"229","Time",0.000433995384563071,1.00298728143581,1.00224834239997,1.00372676527765,0.0795801056529173,TRUE,0.025,"Time-5f.csv"
"230","Time",0.0022790717875309,1.00971787520886,1.00888081124374,1.01055563368226,0.234522559059523,TRUE,0.025,"Time-6f.csv"
"231","Time",0.000175515560142643,1.00378233651212,1.00095864470651,1.00661399391696,0.0262799600326171,TRUE,0.025,"Time-7f.csv"
