"","subject_name","list_of_files","cor_ms_size","sig_diff_pval_lm","risk_diff_adjusted","risk_diff_unadjusted","lrt_fit_logit","glm_converged","lrt_fit_lm","odd_ratio_log","odd_ratio_lcb","odd_ratio_ucb","odd_ratio_p_val","odds_ratio_unadjust","odds_ratio_unadjust_p_val","cor_size_FD","partial_cor_size_FD","cor_MS_FD","partial_cor_MS_FD"
"1","Chart","Chart-11f.csv",0.714482777903211,3.06025752583991e-24,0.000213979972825114,0.000155231455496358,9.86223170049419e-13,TRUE,2.99888464412101e-24,1.00190629686032,0.993519647990989,1.01036374038318,0.657000719245033,1.02802823199625,8.44398827499921e-14,0.126032300687049,-0.106786689090777,0.276878604782104,0.269179758560283
"2","Chart","Chart-12f.csv",0.64975989427851,3.8817943765048e-203,0.000193692771893945,0.00169084171971128,6.05572173004126e-177,TRUE,3.17072063897105e-203,1.0020131360346,1.00117012173488,1.00285686017683,2.82468648022749e-06,1.0091080793185,1.21447421645025e-127,0.436821441445543,0.330483727080009,0.303947560116512,0.0294223917157473
"3","Chart","Chart-13f.csv",0.797897505277611,0.000158786067271871,0.000732134667444548,0.000600235323290935,6.7019162160787e-12,TRUE,0.000158260216693092,1.01622855920089,1.01463423119716,1.01782539242444,8.06705859914999e-90,1.01273490095118,1.32580446430225e-97,0.171984926672693,-0.0422175481691827,0.246458193367157,0.183950448178423
"4","Chart","Chart-17f.csv",0.7756813661606,4.26611726545255e-95,0.000732531314613266,0.000481714557628453,3.84815873546437e-24,TRUE,3.92469684543289e-95,1.00290838721784,1.00005682075245,1.00576808465252,0.0456002078663729,1.01600435413048,1.45576167878291e-79,0.230520450333687,-0.215564383549104,0.453503072002914,0.447289694724384
"5","Chart","Chart-18f.csv",0.617389572297989,8.7506357173128e-91,0.00123746764960717,0.000976762809761728,3.16977152058048e-11,TRUE,8.08136363697671e-91,1.00786942995316,1.00205497411235,1.01371762435882,0.00792178544592911,1.02655559425996,8.82221282152855e-62,0.18421613523969,-0.210632394645458,0.526542741516262,0.533901384239064
"6","Chart","Chart-1f.csv",0.87006808959427,2.01796380331469e-26,0.00246745221319549,0.00343106814241322,3.01889361482686e-47,TRUE,1.97366971164291e-26,1.00894026539432,1.00731946554627,1.01056367314605,1.98251192696338e-27,1.01978829934625,0,0.545263656862691,0.111787580092112,0.574869231639638,0.243105041840526
"7","Chart","Chart-20f.csv",0.672534523218217,5.64632752450967e-31,0.000901703092447518,0.00986143589377187,7.18243244510214e-21,TRUE,5.48208049476971e-31,1.09687883411396,1.04773326001437,1.14832965855327,7.69590813553547e-05,1.25993113441171,1.64160492545048e-27,0.180577564671452,0.128878517467282,0.127847231202444,0.00879597219843394
"8","Chart","Chart-21f.csv",0.752489830007351,1.50999524044318e-69,0.00132782086724286,0.00310753458147179,2.93423031791391e-31,TRUE,1.42118937765676e-69,1.01343364607011,1.01145143694319,1.01541973986503,1.05489268500947e-40,1.02244676628105,1.67045773713983e-171,0.373521473499192,0.184255048379848,0.34501698788391,0.104668850437922
"9","Chart","Chart-22f.csv",0.601438250678692,7.34756583616372e-35,0.000672935443043643,0.000525787329781214,4.3203536389633e-05,TRUE,7.13258236941211e-35,1.02052741358001,1.00237721253819,1.03900626315228,0.0264667319665605,1.05421776148475,1.33937145065095e-14,0.100017146272276,-0.129311125563033,0.3285322977355,0.337619419993834
"10","Chart","Chart-23f.csv",0.738947647116466,1.41870282372207e-35,0.013998018445938,0.0175170468876043,2.3397359478925e-14,TRUE,1.37110849610218e-35,1.22489908889603,1.2101480086342,1.23982997722046,3.44890765747277e-236,1.18480286420268,0,0.520207899979563,0.138541072201679,0.603236775357648,0.380296649673695
"11","Chart","Chart-24f.csv",0.526559955513002,1.06687890078313e-70,0.00506518920405549,0.00404457039561036,0.252413995435744,TRUE,1.0093049982771e-70,1.25871413207323,1.11503474917184,1.42090752548976,0.000198660884035011,1.32867371149238,2.8954685718281e-12,0.0716025869285941,-0.176404288584002,0.397341011764049,0.424123422073342
"12","Chart","Chart-25f.csv",0.666320047129739,0.00035059496815877,0.0309698554987512,0.0294927699961522,0.721723189085745,TRUE,0.000349548311657778,1.22032788291529,1.20725217816682,1.23354521014973,2.26113484230252e-287,1.21916098649609,0,0.362554352472706,-0.039959430991549,0.58052556292208,0.487742649362527
"13","Chart","Chart-26f.csv",0.785087022336208,3.93898419868992e-85,0.00111606119925058,0.00184292789984266,3.43819262450791e-117,TRUE,3.6561234950428e-85,1.00465850511091,1.00376632538797,1.00555147783182,1.14522055416666e-24,1.01305828654199,0,0.53605937432794,0.203969352123349,0.548220204196773,0.243590594662323
"14","Chart","Chart-3f.csv",0.778469966408444,2.33844054207957e-37,-2.29301350842402e-05,0.000301669597242327,1.46063649832992e-15,TRUE,2.26498076312589e-37,1.00283423514839,1.00142689857471,1.00424354949622,7.81558921382306e-05,1.00768329193766,1.15084616819631e-42,0.202025126003748,0.134050908636024,0.152697647179185,-0.007438675404805
"15","Chart","Chart-5f.csv",0.653919238205639,5.17942986393001e-13,0.00248213126505494,0.00229878767759273,2.83962883382707e-87,TRUE,5.12621024901915e-13,1.00527126150016,1.00324215909673,1.0073044678545,3.39843779160305e-07,1.02272659611817,1.03642539911294e-245,0.371389139276716,-0.0760154677058157,0.635824327198928,0.559419512459755
"16","Chart","Chart-6f.csv",0.460810866583473,4.26943562382577e-310,0.0157425759971786,0.0279855331857444,1.91210293919827e-196,TRUE,3.24194252066619e-310,1.17702609801798,1.15662180477426,1.1977903491849,1.49560935536244e-74,1.3498700160038,1.966478990191e-151,0.498772607249826,0.381742129760745,0.412694482547158,0.23771312654907
"17","Chart","Chart-7f.csv",0.618990436377923,2.68313112571367e-37,3.632571938587e-05,0.000531856895056361,5.62460555764841e-24,TRUE,2.58864799011821e-37,1.0073205938622,1.00384193185749,1.01081131064264,3.58820508394268e-05,1.01862898829911,1.11019632647077e-18,0.184535759421,0.141987696041472,0.119249965353237,0.00650865456681838
"18","Chart","Chart-8f.csv",0.760162028004623,3.17529345177788e-05,0.00292464724317725,0.00314818407925519,8.62744965484552e-100,TRUE,3.16265927895042e-05,1.00670840563273,1.00447947049396,1.0089422867679,3.37828753463839e-09,1.0278382084088,3.37361018712059e-292,0.486313315710824,0.0465009943320538,0.608199967617456,0.420136799294231
"19","Chart","Chart-9f.csv",0.743833705581191,4.82384629686544e-32,9.78618638161708e-06,0.000320625780479466,6.5950401290485e-14,TRUE,4.69445378033745e-32,1.00380764604898,1.00214404209405,1.00547401166092,7.0970398692389e-06,1.00890888306786,1.26761982546488e-35,0.186493417487172,0.123741415578587,0.140637626229337,0.00292022890396759
"20","Closure","Closure-100f.csv",0.765926732211659,0.0341946051428477,0.00532523923787825,0.00547365495051788,1.21783267494759e-16,TRUE,0.0341597189685469,1.03320729679543,1.03098821764537,1.03543115224864,7.21384367997525e-195,1.03983161098048,0,0.546582694388627,0.0223248086082942,0.700244352458236,0.52304367163315
"21","Closure","Closure-101f.csv",0.602898165858696,2.68138157299208e-09,0.0116764899276091,0.0105043925965728,2.51228305455089e-06,TRUE,2.66248857222096e-09,1.2901306401952,1.26715700622938,1.31352078754887,6.03506105547934e-170,1.27074562270684,1.020463958372e-180,0.189522762628124,-0.0626690699392759,0.390691975140657,0.352876695529064
"22","Closure","Closure-102f.csv",0.78136720903005,5.10691568782067e-09,0.000893691818929555,0.00140817107351261,0.000284641042944874,TRUE,5.07217123477736e-09,1.02177009136693,1.0182118782066,1.02534073895388,1.05542467094598e-33,1.02611343551011,4.10182820019559e-82,0.198852518447684,0.0615510466282175,0.206391172995597,0.0834101194520781
"23","Closure","Closure-104f.csv",0.770179474590808,2.03408746383186e-112,0.00394284903385384,0.00762722873151982,2.96833681060627e-84,TRUE,1.8425818034071e-112,1.01919706821739,1.01601441207021,1.02238969400676,9.74829495941687e-33,1.04650284996553,2.624792308667e-301,0.518087717953078,0.234238048079463,0.505284319250477,0.194782450505013
"24","Closure","Closure-105f.csv",0.873972080246667,0.240229986020198,0.00020126588349671,0.000183790524915165,0.000712319116221439,TRUE,0.240138548792742,1.00363933103056,1.00316927204088,1.00410961027764,3.61147665359433e-52,1.0030049390889,3.81349556887918e-93,0.193415679233617,-0.0123813241335582,0.228009814317538,0.123678660038842
"25","Closure","Closure-108f.csv",0.718660458599255,8.09325386648799e-83,0.000379359606263938,0.00151677427012401,8.52971766631993e-56,TRUE,7.52759549509135e-83,1.00606794955414,1.00473683432087,1.0074008283017,3.37561972573949e-19,1.01326013414126,5.90879731321711e-128,0.326816197093831,0.201174580774223,0.267181383090645,0.0491670946025002
"26","Closure","Closure-109f.csv",0.883164345398809,2.58689673719084e-26,7.82854368406314e-05,0.000475544420402908,0.00035749138700904,TRUE,2.53035696487e-26,1.00359229291317,1.0026469539516,1.00453852318124,8.80324496809653e-14,1.00515615272194,1.17298408200255e-105,0.266076651078639,0.111545539934737,0.243820700066111,0.0195315594681443
"27","Closure","Closure-111f.csv",0.727828846875487,7.90277082472647e-138,0.0037211138136083,0.0152890943737425,1.09385941512438e-105,TRUE,6.99814626450847e-138,1.02891251826862,1.02159277238297,1.0362847103748,5.0920142542966e-15,1.08925435529117,1.65620283899363e-185,0.415413689334164,0.258959577178638,0.341428157524675,0.0626463708459988
"28","Closure","Closure-112f.csv",0.883506712898882,1.65120617358201e-59,0.000473982715827622,0.0016064376990726,6.98804570296114e-25,TRUE,1.56807498564097e-59,1.00417404551042,1.00319654208903,1.00515250140014,5.17630394729085e-17,1.00894847931792,1.4214460456141e-270,0.438850859587029,0.170264758798802,0.414566333749075,0.0637646005480891
"29","Closure","Closure-113f.csv",0.832700295585601,3.42612654270999e-71,0.000392782384509822,0.00165392519043324,1.18062007440808e-49,TRUE,3.21990205619332e-71,1.00328858607675,1.00237197255603,1.00420603778965,1.91956806717178e-12,1.00897479520577,8.50633064549361e-205,0.384263212917789,0.186440540212042,0.345105023813337,0.0491556953959358
"30","Closure","Closure-114f.csv",0.811492145507433,2.67251626357681e-100,0.000177271160906626,0.00111771138250064,3.67683974919219e-64,TRUE,2.44723895791293e-100,1.00215645356692,1.00151420481221,1.00279911418145,4.52217488772648e-11,1.00662589671038,2.29857894480836e-204,0.399963201119421,0.221356127742329,0.343151918612831,0.0347000856403456
"31","Closure","Closure-115f.csv",0.832586662571139,3.42604061841475e-65,0.0012227037789665,0.00232324899723703,2.11468305197491e-43,TRUE,3.23710339128564e-65,1.00685156009713,1.00584246685188,1.00786166569691,1.23991123351693e-40,1.01287785918851,0,0.495998356009304,0.178327373980537,0.492480245361315,0.165333197064236
"32","Closure","Closure-116f.csv",0.836589804655407,1.05054719098881e-76,0.00111447651649201,0.00226510065460388,3.77038280463101e-60,TRUE,9.82467452886049e-77,1.00548936674779,1.00451456583928,1.00646511362249,1.91862693170375e-28,1.01253785857048,0,0.512436802316313,0.193577407874439,0.502969981839132,0.157876345560059
"33","Closure","Closure-117f.csv",0.891210531252643,3.2481478514059e-47,0.00084627668360459,0.00261636829290486,2.91891145814888e-24,TRUE,3.11861095011882e-47,1.00694181244437,1.0054032295975,1.00848274980644,7.52437082756722e-19,1.01406311277663,1.7900791028767e-262,0.421300624399127,0.151281302617506,0.402235867784653,0.0650711045946719
"34","Closure","Closure-118f.csv",0.71423504138432,4.50880309795629e-161,0.000392169373787536,0.00189758136252978,1.98164379135435e-118,TRUE,3.9106745787987e-161,1.00363319598326,1.00268915801912,1.00457812276492,4.24725548928285e-14,1.0117201863112,7.1116453016095e-167,0.425628945795925,0.279425039715518,0.33824285133163,0.0540682161186711
"35","Closure","Closure-119f.csv",0.761927078980427,1.46211396377103e-111,0.000213161852238855,0.00123467106023152,1.34862232538918e-39,TRUE,1.32547193383511e-111,1.00434417465449,1.00330950152972,1.00537991479644,1.6837141338431e-16,1.01058764912754,8.28184357229354e-162,0.383393802275079,0.2333532941075,0.31492485310683,0.0381274062420397
"36","Closure","Closure-11f.csv",0.889991408830328,1.51988623269433e-26,7.13431429541858e-05,0.000550983199688105,6.40302874612755e-05,TRUE,1.486362408744e-26,1.00402608034706,1.00291185184833,1.00514154674636,1.31896816373364e-12,1.00608717705445,2.1054650408666e-104,0.266438278170126,0.112063165606736,0.24368824772843,0.0149273026349214
"37","Closure","Closure-120f.csv",0.807392075384566,1.14789546496343e-115,0.000456672767174287,0.00241809360701277,1.02436008231403e-62,TRUE,1.03681164739199e-115,1.00540490259821,1.00403770573243,1.00677396117422,8.23627088178102e-15,1.01534689004292,1.33069889140192e-217,0.430460610824898,0.237559955914633,0.372007909479164,0.0459248352834325
"38","Closure","Closure-121f.csv",0.798959552066022,2.71329152610114e-103,0.000460737176420357,0.00187047415543669,1.12763184205058e-58,TRUE,2.47794604546504e-103,1.00464559986344,1.00362022008614,1.00567202725185,5.79522069431603e-19,1.01157985878816,2.72976354794989e-214,0.41971400856052,0.224614060156767,0.368129465829666,0.0600804351021855
"39","Closure","Closure-122f.csv",0.851514783278706,1.1895768950421e-39,0.000384537742720768,0.00158264528318198,6.77355156064174e-10,TRUE,1.14985738680593e-39,1.00842262021449,1.00658178606889,1.01026682087278,2.31696289927089e-19,1.01348975326084,7.26473063515837e-142,0.31162983368404,0.138257638394208,0.28435163238788,0.0381241042177876
"40","Closure","Closure-123f.csv",0.795684793346257,2.18333012334997e-114,0.000243664113239067,0.000966919618685301,1.33267616643412e-78,TRUE,1.9742991851163e-114,1.0020641220547,1.0016056916686,1.00252276226231,1.02833023555135e-18,1.00544055842458,7.88156704299039e-236,0.437114419463633,0.236258028726753,0.383237664715602,0.0650397775202322
"41","Closure","Closure-124f.csv",0.556689673763165,1.58531362199985e-238,0.00095961595575439,0.00420368465761708,1.0836392352582e-228,TRUE,1.28315436237277e-238,1.00472245909028,1.00310494887934,1.00634257754204,9.97495112678972e-09,1.01782805347204,4.80625140509148e-149,0.425563922357338,0.337455301735434,0.281207003264298,0.0589296968803187
"42","Closure","Closure-125f.csv",0.888601219838679,4.060047734876e-52,0.000207700654609761,0.00102107921832579,2.66810434002009e-15,TRUE,3.88113423269652e-52,1.00329797440787,1.00248318136272,1.00411342969626,1.97294814408526e-15,1.00637171470802,4.17140724388147e-213,0.388796203679907,0.159136222293572,0.360931041686097,0.036551123579239
"43","Closure","Closure-126f.csv",0.67062093023903,1.50726881659097e-08,0.0041285052932768,0.00486012359423719,6.4167442054735e-11,TRUE,1.497627960531e-08,1.04498821403287,1.0410473540984,1.04894399199864,2.45150576785061e-115,1.05093850895509,2.07399954728224e-180,0.26773161669707,0.0596278772763207,0.337134021864773,0.220488665863515
"44","Closure","Closure-127f.csv",0.682109091167822,1.39060881227785e-58,0.00368788454962009,0.00545669280781743,1.83054820717216e-55,TRUE,1.32168792556318e-58,1.0204116690289,1.01865729873508,1.02216906076588,3.29434175757726e-117,1.02817142443394,0,0.409283560099892,0.168913424906391,0.437164267527193,0.236793556136852
"45","Closure","Closure-128f.csv",0.776161753344805,1.45444653074613e-127,0.000204706912013824,0.000944210583363708,7.6964130218725e-91,TRUE,1.29981604977072e-127,1.00191234320441,1.00145438875578,1.00237050707073,2.60275452680623e-16,1.00541395976028,1.02854511551486e-215,0.429526762530037,0.249305512697188,0.3648285221628,0.05522644002779
"46","Closure","Closure-129f.csv",0.678829097014442,1.12258766211448e-34,0.000640709958176996,0.00265272425543883,7.30109110661123e-38,TRUE,1.08992019659292e-34,1.00946980379442,1.00430406675577,1.01466211131112,0.000317348257379288,1.02960473224576,2.99891637572323e-47,0.198944450807399,0.128954693899821,0.155270161897039,0.0280994528891663
"47","Closure","Closure-12f.csv",0.70826684988202,2.92965613793143e-09,0.00346327106379565,0.0047540214815102,3.94991500643713e-09,TRUE,2.9091115023365e-09,1.06679021073368,1.05738129610941,1.07628284886879,2.06051980404526e-46,1.0821670648959,5.37032454068672e-95,0.202422178516435,0.0625165343563947,0.225086731507571,0.118203670642917
"48","Closure","Closure-130f.csv",0.838641844467402,1.17774425177494e-17,0.000132831255221406,0.000517629382256737,2.2316565624132e-08,TRUE,1.16087736122857e-17,1.00503262570227,1.00343230423246,1.00663549944072,6.65087350533942e-10,1.00869076488117,6.88331255541475e-63,0.201900609309364,0.0900129957380439,0.18327549971047,0.026155741207222
"49","Closure","Closure-132f.csv",0.865076842523791,0.000361217337812444,0.000212253947453194,0.000306858955351937,0.00847310341798731,TRUE,0.000360262611344209,1.0036164387214,1.00288286030407,1.00435055372911,3.80376412914233e-22,1.00438605388149,1.35996967078049e-78,0.196466185186768,0.0375925395919347,0.205775780059649,0.072819979091426
"50","Closure","Closure-13f.csv",0.610429979964326,2.33502720800921e-36,0.000440498256869773,0.00192473353690899,1.90198272879498e-31,TRUE,2.2636871870655e-36,1.01668996939356,1.01014199249014,1.02328039181637,5.14239527544704e-07,1.03536127291628,2.24995042479807e-31,0.183731060760442,0.132174955356097,0.130958234363168,0.0241505442124837
"51","Closure","Closure-15f.csv",0.662327990889562,0.0055781896007235,0.00127526801465628,0.00140496484947819,0.0002113089265621,TRUE,0.00556895984781803,1.08750739127247,1.07988659585551,1.0951819668947,6.73737282420469e-121,1.08189138911501,3.61255720359873e-131,0.199527136953991,0.0292146528229769,0.269426188598964,0.186983532453767
"52","Closure","Closure-16f.csv",0.698826252522959,6.32202133572809e-47,0.000630328653188607,0.00150366633788968,2.41550685970587e-22,TRUE,6.07146217736695e-47,1.01362477943806,1.01147351772671,1.01578061658007,9.11318226059959e-36,1.02032853817373,9.50980205638094e-110,0.276387059672478,0.150804674017778,0.245882864226107,0.0767153931775891
"53","Closure","Closure-1f.csv",0.764087884880359,1.31710203181277e-133,0.000694461092075265,0.00205032961423713,3.01761909344389e-111,TRUE,1.17073926583641e-133,1.00398997920591,1.00322431388883,1.0047562288822,1.45418084910693e-24,1.01024911969986,2.73268122664103e-276,0.467131364221274,0.255039178930348,0.415497828865328,0.102679476057248
"54","Closure","Closure-20f.csv",0.86606609885099,2.83247424249796e-08,0.000146901638020302,0.000292808348837654,4.09570218472805e-06,TRUE,2.81502867037126e-08,1.00293465429768,1.00218244839966,1.00368742477723,1.93408742947072e-14,1.00432059030787,5.97097338725205e-74,0.201196330280841,0.0584791180329749,0.199230737823414,0.0510130479871629
"55","Closure","Closure-21f.csv",0.702945242844207,2.38489749582034e-11,0.00201301560816866,0.00297336014946461,9.67623759353079e-08,TRUE,2.36384473544434e-11,1.05147870848676,1.04372189759871,1.05929316702529,2.73897064222249e-40,1.06223426413533,4.02660809649676e-74,0.196831456658911,0.0703427560875214,0.210430105047999,0.103348993739803
"56","Closure","Closure-22f.csv",0.691949443108357,1.19399979661486e-15,0.00174105413065546,0.00283057542400485,4.15428774877059e-14,TRUE,1.17898755123172e-15,1.03763987292488,1.03131464328283,1.04400389628549,2.31677986562778e-32,1.04995322205013,6.5123278716256e-73,0.201591037174041,0.084247178551442,0.205310995971044,0.0930815057428047
"57","Closure","Closure-24f.csv",0.690826202020737,8.62304556742555e-11,0.000645331964193325,0.000950065322746844,0.00526719095422437,TRUE,8.55111075848344e-11,1.0217892199155,1.01881285124764,1.0247742837725,1.56423400841017e-47,1.02412728027451,7.72646963339758e-81,0.186218323511571,0.0683366520010831,0.199474875917526,0.099708566232576
"58","Closure","Closure-25f.csv",0.88181082482457,0.00351071935567715,0.000326877297463845,0.000474593443799191,0.159694014613371,TRUE,0.00350433040017731,1.00986138271259,1.00789852392733,1.0118280641194,4.80633874782315e-23,1.00866900822652,2.18172300761178e-62,0.17454838917508,0.0307684492587899,0.181761881547026,0.0599599689953335
"59","Closure","Closure-27f.csv",0.820807128750652,9.77483003843584e-82,0.00283963631128437,0.00726632728391835,9.59873810086744e-42,TRUE,9.10042601954503e-82,1.02112649924584,1.01744292845304,1.02482340611225,8.46231500065294e-30,1.0430937740802,2.87657014975803e-265,0.453252472317837,0.199852587482793,0.426401886940956,0.106781316585196
"60","Closure","Closure-28f.csv",0.619480617000882,1.70976850097507e-139,0.0349581771201474,0.0479490190857877,4.48688290274321e-147,TRUE,1.51180351410462e-139,1.22830477416527,1.20599030027733,1.25103213341785,4.17662010701795e-107,1.40604933686974,0,0.537340227475832,0.260487088195094,0.604435415001989,0.410184605876028
"61","Closure","Closure-29f.csv",0.64790867202413,2.54251486744159e-65,0.00221162721710388,0.00329281679871935,3.5725953739749e-64,TRUE,2.40202421672011e-65,1.0121539663934,1.01109288524807,1.01321616107955,7.78803680584526e-113,1.01692966370761,2.04589133813093e-294,0.395355557570772,0.17850665881727,0.419720146444337,0.233779233744614
"62","Closure","Closure-2f.csv",0.899573563172315,3.44396711701348e-12,6.60567966714624e-05,0.000335796757585685,0.111373775590333,TRUE,3.4110468903223e-12,1.00478503859979,1.00329610378845,1.00627618305479,2.80540756819702e-10,1.00587564458364,2.20512620798882e-62,0.197524061313251,0.0732626208021669,0.184615511227942,0.0161809177328292
"63","Closure","Closure-30f.csv",0.723928591432971,5.04501990575621e-156,0.00119068476926279,0.00288798432224166,4.08564051632455e-142,TRUE,4.3955276981752e-156,1.00591389374104,1.00496574746087,1.00686293456052,1.57512096906783e-34,1.01397775581618,5.33898607596581e-297,0.489550532573158,0.275128988850193,0.440916056404234,0.143821639495585
"64","Closure","Closure-32f.csv",0.875117766078013,0.0998305157694815,0.000966863332530183,0.00104134314597638,1.73871066066677e-69,TRUE,0.0997645983602388,1.01911969988761,1.0177833741214,1.0204577802183,4.54483476887855e-176,1.00937429003206,7.73554967425808e-254,0.359234667085518,0.0173490147799345,0.401713344457435,0.193399508019392
"65","Closure","Closure-33f.csv",0.793874266169732,2.53320595667709e-77,0.00020023437213221,0.00205343227865039,3.55759898839607e-43,TRUE,2.36773822730573e-77,1.00675849395181,1.00477496005877,1.00874594355419,2.17006420469291e-11,1.01763313110975,1.25821255773895e-124,0.328649575874662,0.194359602890504,0.27066567282637,0.0169931414501936
"66","Closure","Closure-34f.csv",0.795123977107818,1.75799097745993e-35,-8.63489027694204e-06,0.000189448308540522,5.11042270676184e-18,TRUE,1.70561079331733e-35,1.00147053641769,1.00075533327638,1.00218625068846,5.54401175405762e-05,1.00392689971918,3.4009632513299e-50,0.206520481894582,0.130506490097214,0.161502127203058,-0.00456248993782937
"67","Closure","Closure-35f.csv",0.882602532309485,2.51247086580374e-09,0.000175064009195954,0.000479767141441916,0.0613456339072543,TRUE,2.49470643681734e-09,1.00699949874409,1.00510646196798,1.00889610090195,3.7185929053658e-13,1.00855160606989,6.3401200563279e-63,0.190065115964034,0.0627809213617597,0.182467236067191,0.0318822918038408
"68","Closure","Closure-36f.csv",0.810899887040136,2.39976602278108e-16,0.00016341571758578,0.000526084718847118,1.14890108112721e-06,TRUE,2.3681361291842e-16,1.00645306619536,1.00461463301671,1.00829486368549,5.36777077745965e-12,1.0099626032485,1.60305364981656e-55,0.188342798087577,0.0862932678327588,0.170906719492356,0.0316324768461615
"69","Closure","Closure-37f.csv",0.816689089324371,1.24820954027847e-15,8.66452697579047e-05,0.000412935280820841,7.2459395658631e-08,TRUE,1.23253668961201e-15,1.00402686275906,1.00243409939903,1.00562215685414,7.00400684795234e-07,1.00742897708209,3.83242304492944e-44,0.169809610902378,0.0841898609857194,0.149100277554791,0.0183201631980387
"70","Closure","Closure-38f.csv",0.725994559987172,0.00500510790092999,0.001325312007001,0.00151931630736622,0.000461976587542633,TRUE,0.00499663323252241,1.02080447714217,1.01835022850946,1.02326464057333,4.3326580348876e-63,1.02322936983755,6.98937873145832e-113,0.192248173054212,0.029584544504756,0.237585004581038,0.145233216597613
"71","Closure","Closure-3f.csv",0.681810251523854,1.10311639638374e-76,0.000659843516773585,0.00197772053701734,1.0935316140448e-61,TRUE,1.0316494826097e-76,1.00761367704944,1.00607086286998,1.00915885714136,2.96882338000673e-22,1.0152980635302,1.42886574668481e-112,0.31483299070553,0.193550496730976,0.261311269920269,0.0671942703588889
"72","Closure","Closure-42f.csv",0.833912787333698,2.09477871771673e-40,0.000596526217181201,0.00188216403822489,2.05267196470259e-06,TRUE,2.02347545838047e-40,1.01328268445101,1.011011042196,1.01555943086247,1.00927259306089e-30,1.01793114575913,4.31392525598138e-151,0.319694379552604,0.13961264095369,0.295083231152343,0.0544735049029754
"73","Closure","Closure-44f.csv",0.717339424899542,0.935339718873834,0.00189169480218363,0.00188597113728602,0.145259844745317,TRUE,0.935327169991351,1.02679151164817,1.02434507758993,1.02924378850268,1.24035143387728e-104,1.02772352263575,3.33456617444021e-151,0.199336179109224,-0.000855336205573414,0.278680491768871,0.198741112303383
"74","Closure","Closure-46f.csv",0.762450063891605,4.63780406326593e-63,0.0012985936927051,0.00485626846733832,1.26967700649907e-55,TRUE,4.39038115189522e-63,1.01306364302897,1.00959497719005,1.0165442261644,1.19920229267756e-13,1.03196051435794,2.77123292389543e-133,0.316168374708684,0.17534920323145,0.271453042066519,0.0495074853159966
"75","Closure","Closure-47f.csv",0.567585586797142,7.03816173998079e-107,0.00159976687391333,0.00193316112444391,3.94670235275871e-29,TRUE,6.40713957889299e-107,1.02058291391758,1.01888820713749,1.02228043948686,1.42061532314509e-127,1.02767428708437,6.47276609409098e-175,0.521629318419816,0.22844967726166,0.674332597510031,0.538507555818879
"76","Closure","Closure-48f.csv",0.857757705543504,4.9544168104634e-16,5.54816595585455e-05,0.000289549816923382,1.65038625145286e-05,TRUE,4.89047502168777e-16,1.00298431931627,1.00194123525486,1.00402848929403,1.98848397692735e-08,1.00491986568967,1.31953576237497e-56,0.192085532707699,0.0853748530665148,0.173550433491405,0.0174190457678461
"77","Closure","Closure-49f.csv",0.740887180622068,0.843340584531574,0.00311121579857618,0.00312212499161393,4.35289075089919e-50,TRUE,0.843310508940773,1.02432617638295,1.01997104654636,1.02869990199827,2.04655248631254e-28,1.05274072349245,8.72135708782548e-221,0.408322054206911,0.00208352487496869,0.549547832778062,0.402922418258753
"78","Closure","Closure-4f.csv",0.724488711944691,3.53099618262297e-80,0.000647310283195604,0.00306844794555384,1.43098968593809e-33,TRUE,3.29195256127158e-80,1.01716397976997,1.01346580453194,1.02087564978999,5.31008215990663e-20,1.03420664725078,4.37826903990691e-120,0.316631802574303,0.197932528993748,0.25494950693404,0.039083031862328
"79","Closure","Closure-50f.csv",0.557226819502058,4.16314032672194e-24,0.000957458968521502,0.00120039049656503,2.42154052744853e-36,TRUE,4.08013317947441e-24,1.00541831077184,1.00486804763095,1.0059688752354,2.19455477833183e-83,1.00712807842725,1.82378404330457e-183,0.268876494679896,0.106472503705423,0.332915003521417,0.228924636128575
"80","Closure","Closure-51f.csv",0.722559026695034,2.65300922337913e-16,0.000773714947676342,0.00140827608135624,1.40033534748006e-16,TRUE,2.61814222690892e-16,1.01264801275775,1.0101013643929,1.01520108168406,1.32933484889426e-22,1.01902159958839,4.39422450930527e-78,0.200031739602771,0.0861667402396216,0.195996752174512,0.0759769176449731
"81","Closure","Closure-52f.csv",0.772121466471308,2.1561984803318e-135,0.000402126816783436,0.0010244314070996,9.68371738829034e-101,TRUE,1.91353740185931e-135,1.00209554551339,1.00167675244035,1.00251451368048,9.6623201754869e-23,1.00583755879047,8.39030165875879e-283,0.497795883023289,0.25670590897011,0.45676393795816,0.131372347536976
"82","Closure","Closure-55f.csv",0.671482957172041,9.31041194669036e-35,0.000147843161906742,0.000994918986370696,1.45920348920494e-25,TRUE,9.03882416424685e-35,1.00900102135281,1.00520730097157,1.0128090594915,3.12679073425104e-06,1.02101990669477,8.64584523553804e-32,0.186197468744599,0.129112146454442,0.136136757170031,0.0152574107769789
"83","Closure","Closure-56f.csv",0.704833982599244,8.10683309022884e-152,0.00255424426154996,0.00430583424965929,1.54511289371571e-154,TRUE,7.08974003292429e-152,1.01026267584578,1.00862390907612,1.01190410520998,6.48848531950049e-35,1.02787929922514,1.52974557459009e-305,0.550031898769559,0.271489691291632,0.552651005852542,0.278464044248828
"84","Closure","Closure-57f.csv",0.852815881160654,0.000121202419377337,0.0017405574009643,0.00138115880325578,3.0297942240614e-11,TRUE,0.000120833554648476,1.03530222395423,1.03171849222698,1.03889840397353,1.27470648062626e-85,1.02666052280285,2.39464964913707e-106,0.189617445666918,-0.0405072066459695,0.246382236253588,0.165139905469923
"85","Closure","Closure-58f.csv",0.739633229095462,1.73657058887419e-10,0.00194096261451911,0.00305756708352081,2.87384161655427e-05,TRUE,1.72254270666749e-10,1.04971983383802,1.04159602040033,1.05790700806385,1.87115679349507e-34,1.06061117022315,8.45028740300085e-80,0.190989122619062,0.0672196465243756,0.198270898869459,0.0862960066908171
"86","Closure","Closure-5f.csv",0.646874364656491,1.93727490113497e-29,5.10888007062465e-05,0.000520860261040209,2.4822595182622e-29,TRUE,1.88967938104195e-29,1.001303913707,0.999712726516011,1.00289763350222,0.108300113080792,1.00669313163035,6.8382919862976e-25,0.161268983728556,0.118356703172318,0.110631399778187,0.00838494047478047
"87","Closure","Closure-63f.csv",0.643931139369752,0.166784866585022,0.00427140398137987,0.00439780846586395,4.8994880598478e-06,TRUE,0.166702381038225,1.14742067136331,1.1394780497837,1.15541865621875,0,1.14182636831067,0,0.263036575489454,0.0145760361486356,0.392557317274525,0.302353702956987
"88","Closure","Closure-65f.csv",0.790506132480418,6.36320308022632e-100,0.000114866104908902,0.000648268839065541,3.37669570924076e-64,TRUE,5.82878291466166e-100,1.00148640994631,1.00109770796447,1.00187526285172,6.42660403304009e-14,1.004073775835,1.47144547793896e-177,0.386726523679126,0.22094233628504,0.327474846474899,0.0385359222082576
"89","Closure","Closure-68f.csv",0.885973434635703,1.42150072169736e-09,0.000102113526316426,0.000316912626218613,0.574940288633538,TRUE,1.41114497778535e-09,1.00560122078597,1.00408242184721,1.0071223170961,4.390736565877e-13,1.00598466482979,1.03921281851543e-57,0.185798361522389,0.0637519837810819,0.176868014429463,0.0268962931778381
"90","Closure","Closure-69f.csv",0.866742801036229,2.58703461912689e-17,0.000322581861486553,0.000712402298007025,0.0258449941301652,TRUE,2.55075529778794e-17,1.01031688838466,1.00885640104504,1.01177949002248,5.79970668856661e-44,1.00889365410854,4.73444110826245e-132,0.278631030125956,0.08905676921317,0.272157003619664,0.0639985863686327
"91","Closure","Closure-6f.csv",0.898478097612069,1.26908771887735e-44,3.36525437102152e-05,0.00207693614371425,4.69742907280441e-24,TRUE,1.22129331198752e-44,1.00484602976981,1.00268605913009,1.00701065338453,1.06665459271845e-05,1.01476032729521,4.29929617706288e-151,0.324362939962421,0.146952811815321,0.292345968691818,0.00219843834404133
"92","Closure","Closure-71f.csv",0.828117379406364,0.00883761183364782,0.000955192683339735,0.00109632593298946,0.971584692701872,TRUE,0.00882443044645219,1.01061286029952,1.00945199151732,1.01177506407966,1.8546503024155e-72,1.01059728613149,2.76055419047456e-156,0.264790933629349,0.027599128897429,0.301940510912524,0.152924091309862
"93","Closure","Closure-72f.csv",0.77597595730513,1.83816046066546e-11,0.00146826980179573,0.00207664743497258,0.00040526110978298,TRUE,1.82175322120749e-11,1.02025116616046,1.01790528506124,1.02260245361547,2.47346205128389e-65,1.02299789238546,1.78930155182618e-138,0.263745836828503,0.0707424660281592,0.284766056249524,0.131659870261234
"94","Closure","Closure-76f.csv",0.704312569440839,2.61236564277794e-10,0.00336871998087856,0.00385967141816374,0.000806746782184893,TRUE,2.59166566772786e-10,1.0305032435605,1.02855439893423,1.03245578074341,1.70890875756101e-212,1.0322266181594,0,0.36645671330097,0.0665597468010011,0.460762973074134,0.306829505223255
"95","Closure","Closure-78f.csv",0.873071279931593,0.246835684915273,0.000261188487139347,0.000289347927831438,0.0550343102657876,TRUE,0.246743784771592,1.00328098019952,1.00266225972038,1.00390008247724,2.29857353573061e-25,1.00376494570366,8.07049881636318e-88,0.197159274983147,0.0122090433958116,0.219169932887039,0.0983968207193353
"96","Closure","Closure-79f.csv",0.831733354324857,1.60572098462827e-18,0.00142817758627317,0.00207100571899706,0.577134698986242,TRUE,1.58151399796215e-18,1.01401129528334,1.01267880776843,1.01534553609157,1.52906447403204e-95,1.01431211400233,1.06098715487467e-261,0.38558778722299,0.092390487924377,0.407271881242984,0.168992933095674
"97","Closure","Closure-7f.csv",0.835673080092782,2.97409272554037e-18,0.00834298804516918,0.0103069236181183,2.96016207448577e-33,TRUE,2.9299506177786e-18,1.03976796490184,1.03499948032914,1.04455841899778,4.35825288258171e-62,1.06506245131909,0,0.534198057616938,0.0916616026194062,0.590630656263719,0.310612703631958
"98","Closure","Closure-81f.csv",0.831398050151535,3.61832094220177e-10,0.000302279199042143,0.000713605849193611,0.398872757617199,TRUE,3.59009458351862e-10,1.0134867476053,1.01029048225574,1.01669312500913,9.36930475972037e-17,1.01461787428977,2.77063222334068e-53,0.176610592519268,0.0660287579136931,0.168928973947907,0.0403977950212287
"99","Closure","Closure-82f.csv",0.73973922405553,1.65616333599525e-61,0.000133886424705533,0.00179276729441175,1.79378653810604e-23,TRUE,1.56998140163678e-61,1.0124518878784,1.00859164133503,1.01632690898737,2.16346667103516e-10,1.0286922570638,2.10953762557418e-71,0.263168747141879,0.173145536766672,0.201489552969748,0.0104953491171165
"100","Closure","Closure-83f.csv",0.761195255014683,0.301445602911526,0.00443127902309669,0.00421808661767362,0.00621021229717722,TRUE,0.301351589427117,1.08981413123583,1.08027469003178,1.09943781114262,6.14592297920931e-82,1.08164825881281,1.76379873394037e-110,0.179845261498385,-0.0108941375296737,0.245265010161974,0.169868950140648
"101","Closure","Closure-84f.csv",0.828870663146178,4.9851767499985e-14,0.000309146919740386,0.00083175371763812,0.367973874220193,TRUE,4.92953843785377e-14,1.01789988609355,1.01416402170876,1.02164951223917,3.16738862818632e-21,1.0192846356825,9.74611274443551e-64,0.195931321585528,0.0792878853481449,0.183780178848865,0.0389693247587079
"102","Closure","Closure-85f.csv",0.687417575193353,0.38640499058358,0.00404467898548531,0.00396486655777311,0.0102076397662015,TRUE,0.386312623988073,1.07435792274195,1.06936427999857,1.07937488444999,5.25002210830758e-200,1.07208418075372,1.65937686420731e-217,0.265120921780051,-0.00913166417684314,0.394541711339937,0.303157284877838
"103","Closure","Closure-87f.csv",0.820476604647267,0.450394625812626,0.000517900397909978,0.000494567277868632,0.569488259895904,TRUE,0.450306532344479,1.00633127189432,1.00548687552937,1.00717637737366,3.78441288938156e-49,1.00650299535285,6.11596318194945e-100,0.188611285427304,-0.00795726182025316,0.235268871066695,0.143418113710872
"104","Closure","Closure-88f.csv",0.677522359435722,7.43604756621191e-32,0.00414176757745473,0.00504938376153983,2.10112899976366e-21,TRUE,7.23779615898929e-32,1.02894766660779,1.02714645828073,1.03075203354132,1.29427086085108e-223,1.03321484910337,0,0.4387369013437,0.12336072614347,0.534366652582361,0.358753973001775
"105","Closure","Closure-8f.csv",0.666222157961865,1.4293471262998e-05,0.00225695003571963,0.00272569772092723,1.75647125713233e-07,TRUE,1.42318464776744e-05,1.03682625667316,1.0321102477508,1.04156381439829,1.64494790574901e-54,1.04281064818687,9.36399929126253e-94,0.197825746190875,0.0484969568099282,0.244295083933424,0.153894466363401
"106","Closure","Closure-91f.csv",0.771579690661291,3.07478663450241e-37,0.000492563045195049,0.00142577145221469,5.5163073900394e-29,TRUE,2.9785104442078e-37,1.00678612293981,1.00520921050489,1.00836550914118,2.75566896707839e-17,1.0129408882041,6.18333374248597e-102,0.268356848796064,0.133829148643452,0.24070995794331,0.0549140262517981
"107","Closure","Closure-92f.csv",0.803936248823752,5.96845593333245e-20,0.000140014585436909,0.000468076967647894,3.00930067820226e-09,TRUE,5.87104412994733e-20,1.00582089280645,1.00428157888287,1.00736256611549,1.10740702787196e-13,1.0092818793475,4.91188143056659e-64,0.202895672704188,0.0961908384987179,0.182414101718397,0.0331399690079791
"108","Closure","Closure-93f.csv",0.812426584020948,7.99721067592776e-19,0.000123059695713189,0.000465199533838433,6.88351799808789e-10,TRUE,7.87453955190598e-19,1.00448301965477,1.00301833939705,1.00594983874502,1.87824310601547e-09,1.00806366946382,1.43158972783702e-58,0.194795765502238,0.0932079855463247,0.173895844275963,0.0273452414648971
"109","Closure","Closure-95f.csv",0.854776719880216,1.79900993435576e-24,0.000208176489433874,0.000621197287282792,0.00152431665381302,TRUE,1.76257025896207e-24,1.0056358082394,1.00458201366029,1.00669070823648,8.09948923697447e-26,1.00706928292107,1.18987790112006e-116,0.273454864152872,0.107326850891047,0.256935721986154,0.0464587456252903
"110","Closure","Closure-97f.csv",0.878996397446332,0.203510105111396,0.000347825738694353,0.000312283396362481,0.101912493424002,TRUE,0.203422199020233,1.00510668706455,1.00432538434032,1.00588859759373,1.00152823251658e-37,1.00458708470712,1.35083740543284e-81,0.180266701256186,-0.0134059989456629,0.2121891512253,0.114570222301143
"111","Closure","Closure-99f.csv",0.76935685404347,7.12989049319255e-27,0.00154291198886477,0.00258213485057128,2.90615999383612e-23,TRUE,6.97059280775225e-27,1.01212612847056,1.01052344914049,1.01373134963282,2.96183834281983e-50,1.0174946582615,1.6846621647541e-177,0.314315709405015,0.112795752125869,0.319804443825179,0.128591650971363
"112","Lang","Lang-13f.csv",0.543225796972951,0,0.0678477548763305,0.0546387728640436,0.999940102945043,FALSE,0,21676710.8394264,0,Inf,0.986424013641893,157159009.016552,0.984439297271392,0.187155367453795,-0.526309277002096,0.815411818925887,0.865405231787596
"113","Lang","Lang-15f.csv",0.585562083647584,3.2654170736781e-69,0.00600647714272923,0.00518168649179105,0.00356761395356066,TRUE,3.07428995904671e-69,1.04302616809457,1.04095691843799,1.04509953107617,0,1.04202791537063,0,0.260663718668977,-0.183806411124938,0.640550507940033,0.623451688573564
"114","Lang","Lang-17f.csv",0.532131590716365,1.61158158069382e-46,0.000195165760294679,0.00432805040814232,2.99896262707467e-33,TRUE,1.54053280509422e-46,1.05631835035581,1.02500320144663,1.08859021681456,0.000359227762127758,1.15702775701925,2.02177531692613e-23,0.189427239100701,0.159130209939495,0.104167370748847,0.00405030727538369
"115","Lang","Lang-19f.csv",0.563993650999286,1.09817267652311e-71,0.00365836409093258,0.00338064259542044,5.96280498790308e-25,TRUE,1.03808648632154e-71,1.02892099576174,1.02646612246182,1.03138174008144,5.00998065067795e-121,1.03664361502364,2.70318160252414e-251,0.384765540810031,-0.177644983045477,0.828044959632241,0.801672588006458
"116","Lang","Lang-20f.csv",0.865029016331133,4.46366711002427e-50,1.60050455408881e-05,0.000153382311231839,5.27323586840754e-11,TRUE,4.27473798900258e-50,1.0007867076447,1.00058911792762,1.00098433638049,5.90614392132737e-15,1.00139462157407,1.25286154521492e-134,0.32359301219705,0.155916251568563,0.287468223633411,0.0159057154718005
"117","Lang","Lang-23f.csv",0.730978940782861,3.40564644455621e-191,0.00108129587721942,0.00267941760124218,2.03082374139621e-187,TRUE,2.87548299718207e-191,1.00426027926194,1.0033257850667,1.00519564384186,3.55005421568206e-19,1.01418601810171,0,0.531812538048409,0.30358999566793,0.478703663945984,0.155667239660945
"118","Lang","Lang-25f.csv",0.584629999416053,1.87554208980206e-57,0.00198332223630836,0.0120336635806795,4.34442093208466e-58,TRUE,1.79329734336478e-57,1.05235435718664,1.02414266435412,1.08134318746317,0.000232688681948558,1.16720311248931,7.6207379157412e-40,0.206970442384111,0.158774286826738,0.135724858544565,0.0185499741381354
"119","Lang","Lang-28f.csv",0.636259454182145,0.156226302550506,0.00558781514572317,0.00546246782205375,0.0248474553021025,TRUE,0.156153841627803,1.13579357270087,1.12664478244602,1.14501665466188,4.40225785850706e-209,1.13295708094409,5.64060327929172e-221,0.279168584391404,-0.0141805518341403,0.454084601470591,0.373190955336542
"120","Lang","Lang-2f.csv",0.800045564723569,0.0948648424949146,0.000904460470889969,0.00100869591971645,4.38017683563495e-06,TRUE,0.0948070369667414,1.03155245087133,1.02794136313363,1.0351762241134,1.58902528078516e-67,1.02607877055887,5.2584988201735e-85,0.178388851799682,0.0167045145435167,0.210728245679391,0.115207797604648
"121","Lang","Lang-30f.csv",0.909059607212236,5.1560744449373e-09,0.000267970641810613,0.000346877060669428,0.0299675874410969,TRUE,5.12101413739499e-09,1.00163889920168,1.00143167642016,1.00184616486308,2.86869853471067e-54,1.00184940994929,0,0.484122729521312,0.0615342755722847,0.508263893647442,0.186973883021354
"122","Lang","Lang-31f.csv",0.907664542707173,1.39658924351853e-20,2.82178579279234e-05,0.000140268974811942,0.0163043139569369,TRUE,1.37302810397777e-20,1.00118922730081,1.00091095319321,1.0014675787744,5.29811695185844e-17,1.00149718713202,2.22402487668025e-112,0.272052909450938,0.0978207393912865,0.256004302437248,0.0224616908083355
"123","Lang","Lang-32f.csv",0.616333418460048,1.55482694542497e-224,0.00065172574307562,0.0027494220487279,2.58418722353949e-91,TRUE,1.27429123894803e-224,1.01084565958546,1.00842819688619,1.01326891756684,1.04598441427824e-18,1.0342789072835,1.55998050461101e-157,0.441227757873848,0.327891547901747,0.318807089179246,0.0663147560564364
"124","Lang","Lang-33f.csv",0.740823098018863,1.21873603305487e-07,0.00198219541884629,0.00214008466194039,3.78225116415927e-84,TRUE,1.21189724735808e-07,1.00711988774971,1.00580381725716,1.00843768028934,2.0697307339111e-26,1.0190515035376,0,0.502983397751098,0.0557359746798838,0.640127247614384,0.460781203885482
"125","Lang","Lang-41f.csv",0.737072791840655,8.60213693889011e-96,0.00032490327612413,0.000184194462433186,0.0784877509444297,TRUE,7.90879031434788e-96,1.0313877913895,1.00895713843937,1.05431711189706,0.00587226921569528,1.04220837510545,6.30955569341941e-06,0.0778291351630792,-0.216348319047056,0.295123943163476,0.352880842636458
"126","Lang","Lang-42f.csv",0.753120178513186,9.42697133988402e-21,0.000160274593791919,0.000490495131766451,2.69416017685604e-05,TRUE,9.26653247335791e-21,1.00998394174417,1.00757844196533,1.01239518442991,3.20117747193619e-16,1.01365468171952,1.41463351057054e-45,0.187865009629071,0.0982571663200031,0.164790481332389,0.0360672550902815
"127","Lang","Lang-43f.csv",0.689511710237146,0.000147108236329362,0.00242219101173519,0.00253810343205291,1.37513143197439e-88,TRUE,0.000146671002596669,1.01328253261011,1.01171614122591,1.01485134916267,9.87747247321185e-63,1.02480984621157,9.21851633322146e-303,0.463848531833807,0.0400040725973319,0.64044816904852,0.499682863240673
"128","Lang","Lang-45f.csv",0.517137299834812,1.83106592959328e-47,0.00241965412202373,0.00268843339727649,4.76011536693626e-140,TRUE,1.75765265322081e-47,1.00828051263485,1.00667352055279,1.00989007002085,3.94674088152925e-24,1.02617406359984,3.81473997270296e-208,0.445159260121826,0.151690293004147,0.675751214704723,0.581330473603207
"129","Lang","Lang-46f.csv",0.761644123142364,4.68338351757287e-101,0.00255527920062238,0.00421406766820009,7.14351722404818e-104,TRUE,4.28570708566278e-101,1.01019953198725,1.00845000134464,1.01195209783981,1.77286257651622e-30,1.02687199393671,0,0.541038993464973,0.222184285247444,0.55283936385959,0.2582932914514
"130","Lang","Lang-48f.csv",0.680817623487817,3.37346160539417e-212,0.000884968798436034,0.00203149597247734,9.61028688807517e-120,TRUE,2.79540224846356e-212,1.00575671254089,1.00474757642449,1.00676686220111,3.7549523778519e-29,1.01626085466091,5.49003212007465e-241,0.523698843646189,0.319162714916099,0.465283311339563,0.174268474906747
"131","Lang","Lang-4f.csv",0.609766661165914,4.9116033396407e-86,0.000794975621016064,0.00480340116111991,8.69358686528193e-71,TRUE,4.58965903708687e-86,1.02518458991229,1.01754645957928,1.03288005525387,7.09061621649421e-11,1.05900647734979,7.3203762406716e-54,0.259660001914833,0.194732124054946,0.176703173229785,0.0240021791727731
"132","Lang","Lang-51f.csv",0.783812119196621,3.00645140140997e-72,0.00147050143723365,0.000948885945408191,4.57510022530261e-121,TRUE,2.8228249320596e-72,1.10651341576898,1.09839288895615,1.11469397843635,9.36275079202811e-160,1.07169761169607,4.03093218656311e-200,0.203294209798019,-0.187830913994145,0.396014103658692,0.389239960229025
"133","Lang","Lang-52f.csv",0.747924464428107,8.11894853835422e-122,0.00357798882104951,0.00653738943185641,1.01337124693582e-72,TRUE,7.29310366176792e-122,1.02175360579669,1.01869074549549,1.02482567508823,7.74293381995889e-45,1.04569927032463,0,0.526219213392492,0.243711294696838,0.518643249036797,0.221581169941174
"134","Lang","Lang-54f.csv",0.73350401101144,1.75021556381585e-110,0.00116049488662608,0.00282105937279538,5.88208874453125e-60,TRUE,1.60367777254182e-110,1.01056835336469,1.00917729807047,1.01196132609684,1.3674462230174e-50,1.01875802545749,5.41097963935539e-249,0.414044456803054,0.220615649980814,0.374961131005608,0.115175777766096
"135","Lang","Lang-55f.csv",0.705482281808924,2.74760599260755e-182,0.00173988186975768,0.0104541726163435,3.17202694215779e-93,TRUE,2.37639143381412e-182,1.0258050216121,1.01914237507775,1.03251122521946,1.81310823132244e-14,1.0838521018368,1.09223916528825e-206,0.41468785006962,0.282096565620245,0.319242528024642,0.0413814853408782
"136","Lang","Lang-57f.csv",0.726958871307759,5.23387854951715e-21,0.000656032713300713,0.000502992334974345,2.83790078064608e-35,TRUE,5.15259359509819e-21,1.00056166865991,0.993996837533546,1.00716985707484,0.867224276315629,1.03699154489786,3.48018718722917e-40,0.164401543868415,-0.0938525789126147,0.310422742238773,0.281852889949876
"137","Lang","Lang-5f.csv",0.802191233647556,3.74782543636016e-76,0.00241790586408444,0.00402694113624668,8.34527405082528e-62,TRUE,3.53007712843464e-76,1.01231322443121,1.01082555836482,1.01380307994592,8.40039887692123e-60,1.02253683964545,0,0.513759114207829,0.183146363686015,0.524374118393563,0.219116174157327
"138","Lang","Lang-62f.csv",0.841429363345564,2.19228860616765e-09,0.000200753018616057,0.000396909717500924,0.000426374762380893,TRUE,2.17823221918734e-09,1.00504282016176,1.00391306666585,1.00617384502567,1.85656513554747e-18,1.00660224643792,2.94909689174394e-68,0.187509647778006,0.0597857259477214,0.185115674735131,0.0515080115090402
"139","Lang","Lang-63f.csv",0.638628657531326,3.63228595413701e-66,0.00250791593136286,0.0030039575537354,9.60316015304739e-30,TRUE,3.42899221285282e-66,1.02183666813661,1.02048851609727,1.02318660119936,1.17681550750843e-225,1.02582736263696,0,0.530619293801474,0.179671713333568,0.670193028838258,0.50797227283626
"140","Lang","Lang-64f.csv",0.427771861889096,1.12543259753463e-07,0.0184131212294378,0.0200186801979623,4.08935919044602e-13,TRUE,1.11908375814042e-07,1.17407555666045,1.15713378178949,1.19126537868058,7.55528112693426e-104,1.19944897905299,2.32196876838113e-155,0.181951765075746,0.0558889842148282,0.313195072384607,0.264808287486506
"141","Lang","Lang-6f.csv",0.565807639733619,7.87936099842324e-52,0.000516873248555891,0.00454294943689211,1.83983555470576e-34,TRUE,7.53407614207485e-52,1.06173009502657,1.0375191603604,1.0865060017721,3.58983815607221e-07,1.14281843423021,3.62086163789995e-37,0.198868971020497,0.158686085761631,0.121954936916562,0.0116739598213826
"142","Math","Math-100f.csv",0.656041094410243,0.107953368382369,0.00233185438306996,0.00222803990781209,0.308122694774795,TRUE,0.107884851576169,1.0712317161283,1.06665219543133,1.07583089835122,1.65865669005555e-217,1.07172846006419,9.75388404274559e-231,0.185559162665554,-0.0169462011679728,0.301435375704253,0.242309324702428
"143","Math","Math-101f.csv",0.67438782914703,1.67322832752225e-159,0.00357977800666547,0.00607473702851594,1.40861706951188e-104,TRUE,1.47391057210409e-159,1.02277071181358,1.02035120391832,1.02519595696718,1.76234202652924e-77,1.04166613297212,0,0.510030008374577,0.264346468682268,0.506775450626389,0.256356890790485
"144","Math","Math-103f.csv",0.460192457245204,3.93798601480509e-51,0.0049853326067382,0.00456542127144869,2.2557750262936e-05,TRUE,3.76776405220203e-51,1.0617486401691,1.04602046332988,1.07771330908027,3.58175379541804e-15,1.09068261808842,8.96892153827751e-67,0.200972697115118,-0.157588177351664,0.664034264134722,0.657174824501973
"145","Math","Math-104f.csv",0.369745982877772,0.000258212428902875,0.00294031830940007,0.00299183769336044,6.52467089729729e-71,TRUE,0.000257498249192634,1.00791170372995,1.00454668499692,1.01128799456336,3.86250481657125e-06,1.03954405723796,4.87648480565375e-139,0.272536609034023,0.0385094704459935,0.66480220202338,0.6309368353796
"146","Math","Math-105f.csv",0.519905694026696,1.00229682945093e-92,6.66946536322561e-05,0.00107440146277446,1.72262470640041e-57,TRUE,9.14694979316003e-93,1.010816713027,1.00644675287273,1.01520564741085,1.13316447478111e-06,1.03292087977443,8.85491639006687e-34,0.265829269872604,0.225461620257191,0.144763474802471,0.00796285721468052
"147","Math","Math-106f.csv",0.738054393777093,1.58793233079426e-90,0.0060734778982885,0.0112568805806086,3.45384907696184e-76,TRUE,1.47850346127569e-90,1.03469872267148,1.03088959080095,1.03852192926517,1.95873570924887e-73,1.05836285117637,0,0.438181307219848,0.199759242822189,0.428708276847477,0.173625533636509
"148","Math","Math-11f.csv",0.633214700483586,1.38700917025584e-129,0.00373016427370745,0.00570006910547573,6.57564898625582e-79,TRUE,1.23731397563399e-129,1.03221705987604,1.02952660897188,1.03491454170684,2.46384104655163e-125,1.04494020110317,2.02587810689883e-248,0.490815986035944,0.251239162677596,0.511183764046984,0.297168716757574
"149","Math","Math-12f.csv",0.643906243346254,2.69330506312001e-116,0.00021636683188077,0.002611136273161,4.39259595206725e-71,TRUE,2.43130213825816e-116,1.01191122131538,1.00827105248954,1.01556453227105,1.19668129028644e-10,1.03428680478961,2.36621620648084e-77,0.315539969588041,0.238197836733682,0.213536107989572,0.0142668174099767
"150","Math","Math-18f.csv",0.623443894571383,5.25141266628902e-50,1.30764637591216e-05,8.80901677644625e-05,5.97136225530869e-35,TRUE,5.02945784245732e-50,1.00120197676162,1.00080630165625,1.00159780829965,2.57928899697866e-09,1.00247678298715,5.84765042753093e-35,0.210543910677935,0.155803662993826,0.144362726996868,0.017139461798179
"151","Math","Math-21f.csv",0.62671571324548,2.29276058122867e-115,0.00242664026941607,0.00447612097473833,8.13291817283809e-75,TRUE,2.07144181858834e-115,1.02575095078893,1.02294948913719,1.02856008455692,3.51668427932447e-74,1.03837920229854,1.99730719117691e-149,0.411736208952931,0.237254881276723,0.384675210940221,0.178324343989601
"152","Math","Math-22f.csv",0.632056628059351,3.06518209771307e-20,0.00241232624749956,0.00219847044934209,8.11925060593255e-41,TRUE,3.00808990161408e-20,1.00977197852252,1.00714702087875,1.01240377767254,2.43584216477497e-13,1.0253939110264,9.198499555113e-197,0.352316614842055,-0.102794742842017,0.652876126835088,0.593176219616391
"153","Math","Math-23f.csv",0.514073029957958,1.99015711159957e-46,1.77304934787234e-05,0.000241892579827568,2.67789697976111e-40,TRUE,1.91213005750781e-46,1.00292695422335,1.00130937216248,1.00454714943435,0.000386988392839106,1.00710279367585,2.54787129208839e-13,0.177674926946486,0.149980247545275,0.0965443533938493,0.00616807418074756
"154","Math","Math-24f.csv",0.459021937536887,5.58052859138422e-106,5.55671301940118e-05,0.000522067672443814,1.16270351845149e-83,TRUE,5.08427396375633e-106,1.00661972215905,1.00395283110864,1.00929369751427,1.09031695607594e-06,1.01878172789307,5.21430337184028e-17,0.260249814963266,0.227494584094957,0.130416725211268,0.0127724535723777
"155","Math","Math-25f.csv",0.61782085494007,1.5986237799795e-143,0.000794141214124174,0.00163498093050926,1.0966861113385e-114,TRUE,1.38634088098703e-143,1.00612483466434,1.00536876512477,1.00688147279244,4.6046176000426e-57,1.01032112931763,1.67923881396376e-166,0.444808430755683,0.279547207626039,0.392767317637859,0.167491406191558
"156","Math","Math-26f.csv",0.660356681913578,4.80353945926635e-117,8.85367189418068e-05,0.00101735953941652,2.84952164765357e-58,TRUE,4.33335648620427e-117,1.00561247162708,1.00406864503705,1.00715867195973,9.34795038028847e-13,1.01512636343557,2.04228201209528e-80,0.322983794026615,0.238953914562541,0.224291967439586,0.0154880992327619
"157","Math","Math-27f.csv",0.632505610697479,5.40139361205359e-139,0.00169610311694169,0.00246927382152037,4.77055487435394e-158,TRUE,4.7781258748716e-139,1.00563828382429,1.00448487770638,1.00679301434806,7.80349550654111e-22,1.01983957113371,1.13954115299514e-275,0.521695535318115,0.260029804109099,0.561265148018801,0.350015818863378
"158","Math","Math-28f.csv",0.648455602558385,1.35934146518917e-05,0.00256330190449105,0.00231732794695642,4.02473908383244e-51,TRUE,1.35410564723933e-05,1.46788532828151,1.42389180788973,1.51323810211216,6.13576064177359e-135,1.32889465468319,3.06279237605622e-127,0.191133973581614,-0.0458412902128154,0.345258611673059,0.296187615532689
"159","Math","Math-29f.csv",0.747748147127882,1.33290087899132e-121,0.0015875321705483,0.00265739493482155,6.10951747938537e-130,TRUE,1.19755078216314e-121,1.00540234012696,1.00432723045549,1.00647860067911,5.62001555525836e-23,1.01708421827437,0,0.55456656472586,0.243498901223775,0.562942965405029,0.268343678093424
"160","Math","Math-2f.csv",0.60553600717324,6.47424101341762e-33,0.000138794223140493,0.000895840182254338,2.05240534544016e-21,TRUE,6.27371971678198e-33,1.01326908907076,1.00770418398341,1.01886472556631,2.71443487135873e-06,1.02806411121569,1.62530409884675e-20,0.177148953636836,0.133042476191774,0.118940832889781,0.0149007871830866
"161","Math","Math-30f.csv",0.531818256095346,7.14808980877192e-41,0.000167573508291245,0.000986878264446984,5.47304723737107e-32,TRUE,6.90190862936643e-41,1.01797169357798,1.01039598878224,1.02560419917636,2.95909821240764e-06,1.03532100113326,1.55651604018619e-16,0.17445394653899,0.140444766494962,0.10564257709884,0.0154277635683322
"162","Math","Math-32f.csv",0.614607400001124,2.63314249971012e-290,0.00129610292867359,0.00284505381424898,0,TRUE,2.08809816451565e-290,1.00265007707958,1.00163645784018,1.00366472206435,2.92126844418186e-07,1.01722448434831,1.03587160629491e-247,0.525015322025635,0.352446085009715,0.45033968143117,0.190150500981189
"163","Math","Math-34f.csv",0.754230204895666,1.48855236279336e-36,9.73560646300833e-05,0.00239684691746459,7.23865887292212e-22,TRUE,1.4473325612753e-36,1.01935043807368,1.01058210340478,1.02819485136361,1.37304718851606e-05,1.05099537163374,2.58821932603433e-45,0.194009317783879,0.125795546939873,0.148935864716959,0.00404912031740399
"164","Math","Math-35f.csv",0.625416131167367,0.368921890100415,0.0109497904476807,0.0111342945822041,1.09202770667049e-35,TRUE,0.368817128057281,1.19492421236308,1.13684413252364,1.25597153773571,2.46980166687682e-12,1.56795141171392,2.28751683650544e-83,0.280421596066846,0.0100474202708264,0.437101421810698,0.349435144682952
"165","Math","Math-37f.csv",0.615675138488835,8.45889800141817e-68,0.00132564386571853,0.001615067719098,8.37564921590612e-141,TRUE,7.9738415219293e-68,1.00408216785843,1.00329220588383,1.00487275182523,3.49267572700347e-24,1.0129848659744,1.1024754369606e-271,0.494875591078308,0.181900429621632,0.621382113981797,0.462508198793687
"166","Math","Math-39f.csv",0.646586198946314,1.73414575411563e-20,0.000306352224912162,0.000613031581109508,0.0318070668134649,TRUE,1.70503185585863e-20,1.02471031705019,1.02039751500657,1.02904134754028,8.00264701940276e-30,1.02759146031116,4.92463962284241e-55,0.178908581575431,0.0975795309966156,0.163114924753584,0.0632018888012666
"167","Math","Math-3f.csv",0.711666580727206,1.60867878467795e-27,0.000575689933390896,0.00050865568001555,5.10389879058588e-63,TRUE,1.57183435787764e-27,1.00150839271052,1.00104365878326,1.00197334239023,1.95547203788051e-10,1.00504997355799,2.40212435885586e-255,0.409247606302576,-0.114222926654522,0.659785094075788,0.574947136644075
"168","Math","Math-40f.csv",0.558481201882166,1.0153286327757e-113,0.00150028527662288,0.00179408699932121,2.48658177014114e-44,TRUE,9.18668908736973e-114,1.02054797333331,1.01850803901465,1.02259199336545,2.52219150777176e-88,1.03048185579939,1.11664750444652e-218,0.528909355615089,0.235575506292151,0.695704920941921,0.568640382311697
"169","Math","Math-41f.csv",0.578665325699631,2.06770228367719e-43,5.72097481505181e-05,0.000832646898443093,1.79923484816746e-21,TRUE,1.99198123284198e-43,1.0166846438794,1.00927495514631,1.02414873155189,9.26315779024925e-06,1.04071185756797,2.04093749873833e-24,0.180936880390339,0.144882799596424,0.109716040062467,0.00625123605797792
"170","Math","Math-42f.csv",0.671937815649819,7.58281870235765e-48,0.000251878371702975,0.000638728206076788,1.3504399773263e-05,TRUE,7.27631625862963e-48,1.01487066605543,1.01270195170179,1.01704402473897,1.12488255313238e-41,1.01782488465951,1.17102113422238e-82,0.259456645204652,0.152317122779021,0.2224551846917,0.0672726607504942
"171","Math","Math-43f.csv",0.65773197216904,4.89492009551854e-232,0.000246243523368883,0.0024070355570957,3.39811812124273e-186,TRUE,3.98496516091715e-232,1.00348490431985,1.0022363349634,1.00473502912324,4.33571573972429e-08,1.01507682500067,2.76913362060681e-141,0.441379429661129,0.333061979970254,0.308198678478744,0.0264670650152695
"172","Math","Math-44f.csv",0.700887898239566,6.33541320040276e-05,0.00299873423035146,0.00352491393478265,0.605158199915132,TRUE,6.31461859078884e-05,1.11754470600568,1.10600288123786,1.12920697686024,9.71105844602404e-98,1.1160933850129,2.1150495886573e-123,0.216374035181894,0.0421527012357011,0.267378542207401,0.166181574394579
"173","Math","Math-45f.csv",0.716597043345578,2.9051702080157e-235,0.00150606115811674,0.00450596109192716,8.77319066597816e-231,TRUE,2.35830489603103e-235,1.0072051854158,1.00488567245638,1.00953005235778,1.03999110913651e-09,1.03583541787522,0,0.53696923091129,0.335255296789142,0.459507798617359,0.126983388907893
"174","Math","Math-46f.csv",0.791973084386768,2.46442651159228e-40,0.00138852405086008,0.00187591185657174,1.2436324549284e-99,TRUE,2.38069058427454e-40,1.00388776101738,1.0030109367233,1.00476535182439,3.22159647056969e-18,1.01230230229877,0,0.522479765442634,0.139486423492856,0.571474298069626,0.30289460150296
"175","Math","Math-47f.csv",0.818886820214965,3.26507363343974e-94,0.000970020982903569,0.00192961002981851,6.07374790165159e-95,TRUE,3.00613844462653e-94,1.00360928977242,1.00278791690182,1.00443133542077,6.43745711667236e-18,1.01123396613784,0,0.534148781893752,0.21456351347932,0.524219550290269,0.178914402618232
"176","Math","Math-48f.csv",0.73130315527172,4.41206282850838e-123,0.00285029898403223,0.0062627150163773,1.54469139223362e-106,TRUE,3.9588022542307e-123,1.01573760743991,1.01360889728968,1.01787078815754,3.3398447619357e-48,1.03130896045269,1.78913501652223e-298,0.468039993350668,0.244954914066966,0.434210504261222,0.152523759858257
"177","Math","Math-49f.csv",0.850775585124457,1.38667348966409e-12,0.000192075238692876,0.000649768910099719,4.27971050756727e-07,TRUE,1.37294159926797e-12,1.0062179158873,1.0040833659328,1.00835700361592,1.05907637979023e-08,1.01056780933366,4.48391320519046e-56,0.182402072520042,0.0745968546099,0.168978754070772,0.0266986252035466
"178","Math","Math-4f.csv",0.770249181610007,1.38248264808667e-53,0.0053666037297435,0.00740989511277961,1.23139779676865e-119,TRUE,1.31983273622169e-53,1.01382071389814,1.01079997320217,1.01685048197302,1.95801299188286e-19,1.04434281110844,0,0.528699168569471,0.161410433426547,0.577273934700218,0.314126831041447
"179","Math","Math-50f.csv",0.730682947606074,7.80971867025228e-16,0.000811474319328201,0.00160528069820304,8.65971416922175e-14,TRUE,7.71027159290011e-16,1.01477931111006,1.01120598005949,1.01836526935533,3.59011565602663e-16,1.0234483120048,7.15499699035377e-61,0.188831963272678,0.0847932694706315,0.180506568972767,0.0634368836676378
"180","Math","Math-51f.csv",0.717388660801571,3.65988464799865e-06,0.00296610027163706,0.0025931297448403,1.50623952202197e-23,TRUE,3.64400244700432e-06,1.12416568215573,1.11553149589684,1.13286669680326,1.61321937622947e-194,1.10462952510354,9.51866026915758e-198,0.204455331669813,-0.0487829908221378,0.329724409379855,0.268419543813103
"181","Math","Math-57f.csv",0.394664366149125,0.0455058321898088,0.00543526722593175,0.00553585932584993,2.51391146783512e-08,TRUE,0.0454638404411864,1.04512149803813,1.04223234513913,1.04801865990414,2.45263002045016e-214,1.0477730062234,1.47523986087414e-265,0.193375687373071,0.0210830644374594,0.44604444302827,0.410131110751912
"182","Math","Math-58f.csv",0.394272829984183,1.39021507906377e-73,1.44905717742171e-05,0.000469781469573607,1.20365595884269e-20,TRUE,1.30375027141022e-73,1.11780988797731,1.07940113940108,1.15758534992204,4.29435581294652e-10,1.22451631188756,3.66643880906183e-31,0.206576452261647,0.189571802422915,0.0836259727985607,0.00242277602319158
"183","Math","Math-61f.csv",0.640308480456809,0.000206022435919828,0.00939746325492187,0.00981805074419119,9.19457722423449e-120,TRUE,0.000205362291877412,1.02162804320363,1.01515929969594,1.0281380064909,4.04425539744747e-11,1.08520119372978,9.08127455407626e-256,0.427011903748558,0.0414872109910195,0.628160759650133,0.510737132209492
"184","Math","Math-62f.csv",0.424184992610926,0,0.00532384686348617,0.0121035090596571,1.59949612656966e-266,TRUE,0,1.07663933818548,1.06561296801193,1.08777980310343,6.73485047317731e-45,1.26306908272799,7.87233022679459e-253,0.552391853388984,0.471086860861903,0.366528485745764,0.175144704768446
"185","Math","Math-64f.csv",0.652390930953214,5.62667966412991e-29,0.000198058527922361,0.000290278283416461,9.61914115695795e-14,TRUE,5.50415207638742e-29,1.0044173748393,1.00397354105677,1.00486140483062,4.48181514224679e-85,1.00509352646064,1.54040597389077e-124,0.269314567304364,0.111386036513358,0.288933354482346,0.155141781550002
"186","Math","Math-65f.csv",0.612909908018228,6.24759999859647e-116,0.00648205288871309,0.00510438847435708,0.999380035360008,FALSE,5.64167806962876e-116,7.54036796480539,1.22406786348655e-98,4.64493438155584e+99,0.986111703250683,19.6951519970002,0.981983967793498,0.190718643188543,-0.237827845159152,0.564293173567526,0.576806818011846
"187","Math","Math-66f.csv",0.491817440863007,2.30085025170336e-05,0.000783361499375877,0.000753007480149492,5.95727833333684e-40,TRUE,2.29138692403485e-05,1.00493626988795,1.00322567684807,1.00664977964799,1.47032298762907e-08,1.01414447196273,7.29158872625112e-79,0.23743859573812,-0.0473157801956491,0.552593104960058,0.515272391502731
"188","Math","Math-67f.csv",0.345576614051985,0,0.00131369287933888,0.00330419236192867,0,TRUE,0,1.02203186362687,1.01823841834539,1.0258394413815,1.54509946015045e-30,1.09983122990465,1.82604702216729e-149,0.53313499992435,0.483576905750317,0.283489495298285,0.12501532568461
"189","Math","Math-68f.csv",0.649501926912669,4.55944659096222e-14,5.75209881062917e-05,7.69402309276018e-05,1.07161328618428e-122,TRUE,4.51348540605311e-14,0.999987093471237,0.999161226291537,1.00081364328011,0.975574843821681,1.00539683190925,3.51009635921611e-41,0.216000267467218,0.0753454453994117,0.24709249600476,0.143855624691366
"190","Math","Math-69f.csv",0.714592736745168,1.31465563078418e-43,0.000748302266767012,0.00185966747759713,1.07878517595526e-33,TRUE,1.26628993495926e-43,1.0115104435607,1.00943411244531,1.01359104553523,9.62139163614811e-28,1.01885153001656,6.98335241737704e-103,0.27075370345227,0.145220781924242,0.240917741735191,0.0704459030257862
"191","Math","Math-6f.csv",0.776695132730954,0.00014268778249531,0.000109723840533493,9.90627273780506e-05,3.0131186865786e-62,TRUE,0.000142262088026639,1.00106826067705,1.00065512941089,1.00148156250891,3.9851157859034e-07,1.00354763848095,1.87149026953899e-93,0.30121772507112,-0.0400836947683023,0.417359934686405,0.305359264456051
"192","Math","Math-70f.csv",0.493093039117927,1.28569265666968e-104,0.0231310480379311,0.0266438643491356,5.86777805777972e-158,TRUE,1.17278674851252e-104,1.12351077391512,1.11065808358517,1.13651219737111,1.388771792107e-87,1.22784283705287,2.49834225854996e-209,0.484665939518667,0.226038959361513,0.696897532066355,0.601749571418386
"193","Math","Math-71f.csv",0.719153977791614,9.33911662692745e-28,0.000444932466130086,0.00082970216107739,0.915790749412569,TRUE,9.09667351309555e-28,1.02191400629166,1.01930062162264,1.02453409141714,7.90912205780355e-62,1.02182687288739,3.37781656179824e-98,0.270007319143587,0.121652499271839,0.262016477252766,0.10139805881453
"194","Math","Math-72f.csv",0.478790268190722,2.11374834789805e-112,4.58042634820057e-05,0.000706056618788581,9.2999312184816e-54,TRUE,1.91477128118216e-112,1.01076444487565,1.00618037920656,1.01536939512814,3.9002072445736e-06,1.04148065382222,6.31219104992169e-43,0.268536926237727,0.234220851785195,0.135340113687662,0.00800211341409052
"195","Math","Math-73f.csv",0.48635308572575,0,0.00114730720895865,0.00248460207266138,1.57913498558875e-147,TRUE,0,1.01735029639214,1.01412861329669,1.02058221412826,2.17235396120704e-26,1.05428423986122,2.07845640811296e-214,0.532662838386088,0.422171797235373,0.400121380687019,0.190752176621285
"196","Math","Math-74f.csv",0.644080646152665,6.55892457525323e-30,0.000222554610644892,0.000587428360575297,1.06228170986776e-10,TRUE,6.39510913354953e-30,1.01611609187317,1.01236636881885,1.01987970359806,2.33766870118476e-17,1.02362281846781,4.09491479941739e-41,0.192987052044095,0.119347662865453,0.159705085608214,0.0471714988530767
"197","Math","Math-75f.csv",0.613143566713919,4.39837726223297e-239,0.00233702033768166,0.00971676045317939,1.27862216917492e-161,TRUE,3.63443417083224e-239,1.02729205818268,1.0216404194847,1.03297496132495,1.10742130094354e-21,1.07730916141608,8.1451913280988e-177,0.432601563726638,0.321440508240795,0.312089714064485,0.065769584035202
"198","Math","Math-76f.csv",0.582450824701664,2.38878342635802e-164,0.000245102808034536,0.00131211880317331,2.01801878436545e-94,TRUE,2.06584124765068e-164,1.00848158512547,1.00661757059075,1.01034905136846,3.63275444401706e-19,1.0203080375077,6.40150798288059e-79,0.363127914518647,0.282171797234615,0.241285489992066,0.0393215697986383
"199","Math","Math-78f.csv",0.677326561125375,2.81772761678239e-44,0.00486367399882663,0.00380082371041671,6.73700476634707e-56,TRUE,2.69956552087905e-44,1.33603636568674,1.30587327249171,1.36689616675554,1.74908752478829e-136,1.264782878417,3.0884893933984e-151,0.206462043926129,-0.155141844494831,0.454884212200904,0.437660479394324
"200","Math","Math-7f.csv",0.691865857713555,4.31744655346607e-19,0.000798131333883181,0.00178359924789004,9.00509132314835e-16,TRUE,4.25021317813217e-19,1.01711060000262,1.01246645594399,1.02177604656852,3.70391933545191e-13,1.02862921766135,8.86038574440647e-49,0.178168796551715,0.0939250258100975,0.160774946395828,0.0527901938582748
"201","Math","Math-82f.csv",0.683721203197756,3.91492020102034e-07,0.000847133818669153,0.00112505026414451,0.000401102139120681,TRUE,3.89213800758448e-07,1.02070797988681,1.0174491013982,1.02397729652804,3.40615030813662e-36,1.02365055884473,1.02074036817134e-57,0.184156786276293,0.0566852058742495,0.210195722540967,0.117507649818393
"202","Math","Math-83f.csv",0.632930251868292,9.17700273985465e-112,0.000165148321301975,0.000969021563984835,4.39998267838753e-64,TRUE,8.31786250916517e-112,1.0059064509693,1.00451543688414,1.00729939127691,7.36318769767718e-17,1.01339963166866,1.87587913898872e-78,0.318187449693113,0.233562556021259,0.224304107509013,0.031218711979323
"203","Math","Math-84f.csv",0.34978913315406,3.41203144628828e-07,0.007483721031627,0.0076843671752196,4.24640789245572e-11,TRUE,3.39197830680521e-07,1.05366039654623,1.05097250711103,1.05635516032835,0,1.05597850216048,0,0.262320918350825,0.0569762522498591,0.631636666935386,0.597197892936254
"204","Math","Math-85f.csv",0.448255255935388,1.10852349269564e-308,0.00585311257815031,0.00850687305366454,2.13934120803763e-314,TRUE,8.42805853119612e-309,1.02501199853643,1.02057041806861,1.02947290901489,7.17124541240111e-29,1.07842657800904,4.01319047962292e-169,0.52448172070566,0.380931459452538,0.522209503060477,0.377232095779842
"205","Math","Math-86f.csv",0.383925328723394,6.74665161533482e-282,0.000125083826490985,0.00120166863026055,1.75163245128008e-275,TRUE,5.25346912385139e-282,1.00088745945985,1.00016777740625,1.00160765936882,0.0156452573318132,1.00501088968317,2.13018951629239e-53,0.396547395020739,0.365124485166515,0.167072029658503,0.0174921730954895
"206","Math","Math-87f.csv",0.639086070993204,0.000252184931892452,0.00224617936976771,0.00231749911748539,4.34410243773177e-37,TRUE,0.000251485242343977,1.014593961246,1.01317927794096,1.01601061984693,4.48130343896093e-92,1.021763436914,0,0.481537815173654,0.0385732560257422,0.721326743444802,0.6135425386641
"207","Math","Math-88f.csv",0.668240053141062,1.41286190712405e-108,0.000483195464873626,0.00137499636257475,1.23549813487107e-36,TRUE,1.28424094872318e-108,1.01194755647979,1.0103004405879,1.01359735770236,2.5337878727769e-46,1.01859904122337,1.24618404738789e-128,0.366198787167399,0.230240574663401,0.303794594897522,0.0853510976270904
"208","Math","Math-89f.csv",0.414579516930159,0.411649983646566,0.0134182602601856,0.013488660043452,6.37153105300606e-69,TRUE,0.411547660911691,1.02463960277518,1.00763975009174,1.0419262593399,0.0043504276917949,1.20003334920577,1.32928536736453e-109,0.265777317713157,0.0091808012071782,0.625351257836375,0.587227676681977
"209","Math","Math-8f.csv",0.689138656322777,6.31898221802778e-64,0.00374517176492421,0.00731725220893927,2.38746382091422e-21,TRUE,6.0105771172996e-64,1.07461851033383,1.06720316127912,1.08208538416245,3.07868218624477e-92,1.09356411438816,6.37565723980217e-189,0.329404204173619,0.167633184950847,0.31043632973242,0.121942004456726
"210","Math","Math-90f.csv",0.47240133328604,0.0337356051283422,0.0138002824885257,0.0140235616994013,6.63364037774834e-98,TRUE,0.0336967100463069,1.01483173365342,1.0008609878863,1.02899749325328,0.0373748258626702,1.17074484705245,7.79386788099539e-143,0.31126578161614,0.0237401450722112,0.624299967790092,0.569792476655019
"211","Math","Math-91f.csv",0.542672984413947,1.03300267672492e-49,-5.78331948253796e-06,0.000427134824349353,1.71814963044699e-26,TRUE,9.8430526608986e-50,1.00983308179189,1.00464272189417,1.01505025702932,0.000197862689957279,1.02838681090304,5.4303079682175e-21,0.194170158010001,0.164635447317039,0.104373877109824,-0.00121003966018712
"212","Math","Math-95f.csv",0.494220232235205,1.71901210961287e-82,0.0127196750665292,0.0147743977564521,5.37946880157092e-99,TRUE,1.58497281344482e-82,1.07417569777017,1.06342328579466,1.08503682878996,3.6139822530821e-44,1.16726888955949,3.52176401224664e-230,0.463801770188967,0.212688338441266,0.656118984894322,0.554284896926501
"213","Math","Math-96f.csv",0.559553512340365,4.29531490396129e-220,0.000647105922921986,0.00257334648573842,5.56055784909771e-86,TRUE,3.44927593123626e-220,1.01497255159779,1.01185621278221,1.01809848818773,2.73784434816642e-21,1.03927554935062,5.4826343215303e-138,0.437321152776903,0.343317150459863,0.295798122491004,0.0685507223864736
"214","Math","Math-97f.csv",0.609793238400329,1.23463090924257e-139,0.00123488804424768,0.00173430457522559,2.29400155493721e-281,TRUE,1.10506505408241e-139,1.00219903559954,1.00157233722557,1.00282612610778,5.87023336810541e-12,1.01031269557897,0,0.500209906877683,0.247668015889167,0.55184828960326,0.359653694276783
"215","Math","Math-9f.csv",0.524451335822913,0,0.00566498375518883,0.00989952418021042,0,TRUE,0,1.01935807974698,1.01545075409121,1.02328044029609,1.30799780623607e-22,1.06859479721927,9.30963255479698e-203,0.547652596320861,0.391240848406863,0.490845035612214,0.285831590095407
"216","Time","Time-10f.csv",0.736622036328418,4.31973236691023e-56,0.000196221119084978,0.00201605263795711,2.36200442635805e-33,TRUE,4.0898460643899e-56,1.01083535711818,1.00735335602377,1.0143293940405,9.27510562499141e-10,1.02563572467493,9.11888750996597e-64,0.26812331946399,0.175091783797793,0.206707606012181,0.0141235219973198
"217","Time","Time-11f.csv",0.766527936496499,3.54101505967409e-156,0.000610879344733746,0.00182093167531305,4.32533250381215e-127,TRUE,3.032019851508e-156,1.00291372923306,1.0021910468182,1.00363693277597,2.55571535128864e-15,1.00988066620471,7.93779246873982e-300,0.521055570747595,0.291257098055692,0.463540035578891,0.117006948239957
"218","Time","Time-14f.csv",0.664214706132476,2.06750738104028e-185,0.00172711249330158,0.00298716935988293,3.04631198320264e-176,TRUE,1.75469043615352e-185,1.00683421322648,1.00569516571398,1.007974550821,4.23769253617261e-32,1.01940359668453,9.1614383016534e-296,0.543275898032773,0.299129625838974,0.533091738863915,0.274441316317342
"219","Time","Time-15f.csv",0.550052467014536,0,0.00128415142326315,0.0038083713548811,2.30644348165356e-174,TRUE,0,1.014808153894,1.01187927226526,1.01774551316213,2.10435354251014e-23,1.04856759901827,1.10009082272486e-165,0.50556216930708,0.392774009181891,0.36359239121588,0.118669927683125
"220","Time","Time-16f.csv",0.792889872957751,1.7574394688826e-100,0.00102754848449987,0.00307816723658985,2.75553860538396e-48,TRUE,1.60903620191425e-100,1.00964349449601,1.00796910674679,1.01132066365421,8.99696043796515e-30,1.0199780590823,1.22811287835061e-227,0.438799073063244,0.221555758569961,0.397147927244744,0.0899043327369957
"221","Time","Time-18f.csv",0.82515166323261,1.94909758605541e-21,0.000124629177494709,0.000572477599545414,1.96219104451999e-05,TRUE,1.91476394559214e-21,1.0077354777074,1.0056669681704,1.00980824186529,1.97794238239659e-13,1.01135007815861,6.69359977669282e-62,0.206959375840172,0.0999882565558155,0.183522927148435,0.0230694768805414
"222","Time","Time-1f.csv",0.697927647173637,3.93384484461508e-09,0.00162406717509572,0.00150963414899858,1.30283585809276e-92,TRUE,3.906694782629e-09,1.00300733282123,1.00179360678494,1.00422252935092,1.16977416494132e-06,1.01386803345367,7.30256469838351e-264,0.400325851753948,-0.0620062601074185,0.623344992832255,0.524087274981706
"223","Time","Time-21f.csv",0.529606212495214,9.51513806738653e-146,0.00126544246301794,0.00392202899144943,1.44685965927353e-68,TRUE,8.36657636107795e-146,1.05544715789392,1.04537268220483,1.06561872341723,2.80599737466483e-28,1.10304965192806,1.04405029372269e-75,0.345426622316871,0.266136285562804,0.238250454364963,0.0694827137363251
"224","Time","Time-22f.csv",0.635943542900011,1.21256893725527e-124,8.65164245337711e-05,0.00202604881308041,7.33222747885441e-79,TRUE,1.08648383559567e-124,1.00906126011593,1.00609797843922,1.0120332696089,1.83818846770179e-09,1.02843968093148,5.68708766573803e-64,0.318065373078703,0.246479923037565,0.207550097434203,0.00721440099991273
"225","Time","Time-24f.csv",0.618397265991944,1.37253753853164e-195,0.00245431059560572,0.00464491027963515,7.05391247900312e-100,TRUE,1.12964252875241e-195,1.02025273190773,1.01737151056082,1.02314211294494,6.70433806357046e-44,1.04433987546354,1.33317895157026e-208,0.518769924737705,0.324565822921816,0.476201954904152,0.231296626438237
"226","Time","Time-2f.csv",0.668188958797409,4.46434539793977e-23,0.00179715701888112,0.00202306725789072,8.03522650362012e-136,TRUE,4.37933328258323e-23,1.00434469763877,1.00335499209498,1.00533537942434,6.78727950847641e-18,1.01500470855103,8.22171935638241e-298,0.48810727168355,0.10401865170935,0.641661016559588,0.48589540866188
"227","Time","Time-3f.csv",0.77065665435841,2.41601835603094e-106,0.000694711128091752,0.0031872420676005,4.28879732088939e-47,TRUE,2.20045688208626e-106,1.01152207583241,1.00917895000876,1.01387064195842,3.59615416546247e-22,1.0258289536032,3.80072836953027e-158,0.393101146608844,0.227881284535136,0.332364799143668,0.0502070835245286
"228","Time","Time-4f.csv",0.645402588069982,2.87981077256147e-159,0.000329413683739811,0.00144955487256328,4.68674790230366e-68,TRUE,2.50181033629795e-159,1.00802835084389,1.00645522584397,1.00960393469364,1.07211594521293e-23,1.01889600738212,4.80776171272904e-115,0.390741720604012,0.27789777529536,0.290734563459953,0.0548256195539635
"229","Time","Time-5f.csv",0.699867197172975,1.62895668102638e-165,0.00049949908604455,0.00147444108460669,1.34084223907328e-92,TRUE,1.40727016480651e-165,1.00475844441306,1.0039516627857,1.00556587437502,5.03805890295731e-31,1.01117485088403,8.40212955975413e-183,0.457266509344379,0.283142172200578,0.386895543091642,0.105269467650592
"230","Time","Time-6f.csv",0.85990458982673,9.80067684889282e-07,0.00202285976570104,0.00182356972415861,1.44198522744085e-23,TRUE,9.75332936249446e-07,1.0088477277054,1.00755915098343,1.01013795240006,1.39547488688706e-41,1.01480698555429,0,0.514546519761125,-0.0515798242519362,0.622342924490277,0.410974928036607
"231","Time","Time-7f.csv",0.750352446801454,4.28104463474666e-56,0.00013332075978516,0.00130959301790086,1.11673256439742e-24,TRUE,4.07790761994064e-56,1.00874534362195,1.00617663544214,1.0113206095586,2.18060568065433e-11,1.01918249280214,3.08373720989e-70,0.260280207652722,0.165222161258709,0.204394388741945,0.014245891437208
